name,artist,id,popularity,acousticness,danceability,duration_ms,energy,instrumentalness,liveness,loudness,speechiness,tempo,valence,playlist_name,playlist_category
Who Do You Love?,YG,1uDjaezEbalGyGnuH80zDK,0,0.0281,0.676,233507,0.415,0,0.0915,-9.752,0.508,193.206,0.146,Workout,0
Survival,Muse,2IFqUmfW8oQoKn6ToxKsMs,56,0.000692,0.557,257467,0.826,0.188,0.0914,-4.545,0.0394,164.01,0.632,Workout,0
ARTPOP,Lady Gaga,4t6HLZizcQiD8IvKUQU8il,0,0.00116,0.749,247533,0.686,1.22e-05,0.0876,-4.39,0.0562,117.037,0.438,Workout,0
I'm In It,Kanye West,52NmkyHsGsHGb1UX8fTkMg,56,0.141,0.485,234853,0.604,0,0.0668,-4.591,0.345,170.337,0.45,Workout,0
I Never Learn,Lykke Li,0H9k5RFDiHzL0WTPBk7Xz8,40,0.224,0.297,186093,0.43,0.000686,0.228,-6.828,0.0377,119.943,0.145,Workout,0
MATANGI,M.I.A.,6MmnK5AF4N0jZVCLFWhgso,33,0.13,0.695,312013,0.897,0.00883,0.235,-2.716,0.274,139.999,0.419,Workout,0
Warriors,M.I.A.,6HFWJPpWoISMhGtiJFoY16,26,0.451,0.63,220947,0.95,1.08e-05,0.164,-2.781,0.225,160.064,0.654,Workout,0
Y.A.L.A.,M.I.A.,12tA6w3I4PLAHunawPPfTW,45,0.121,0.79,263813,0.916,0.000269,0.0513,-2.742,0.104,124.986,0.734,Workout,0
Prime Time Of Your Life / Brainwasher /Rollin 'and Scratchin' / Alive,Daft Punk,3qVD67mL0JxgU0VQVKR52G,45,5.55e-05,0.531,622480,0.846,0.816,0.881,-9.652,0.052,130.032,0.055,Workout,0
Human After All/Together/One More Time/Music Sounds Better With You,Daft Punk,5q2KGgJV5l4MAnnGIrvKSK,45,8.19e-05,0.471,598667,0.848,0.284,0.952,-11.331,0.0595,131.045,0.117,Workout,0
Knights Of Cydonia,Muse,7ouMYWpwJ422jRcDASZB7P,69,0.000273,0.366,366213,0.963,0.0122,0.115,-5.301,0.142,137.114,0.211,Workout,0
Deer Dance,System Of A Down,7m6jkjeqackwEhecoP45bA,0,0.0108,0.456,174933,0.938,0.000685,0.305,-3.576,0.133,160.137,0.818,Workout,0
Mad Sounds,Arctic Monkeys,05eWvAS5Cxy4sHjlIDofyB,0,0.279,0.532,215012,0.462,0.196,0.101,-10.71,0.03,80.001,0.485,Workout,0
Retrograde,James Blake,03CLsFk6JSz301bKuukPSD,0,0.869,0.324,223600,0.256,0.078,0.134,-11.229,0.042,77.906,0.182,Workout,0
R U Mine?,Arctic Monkeys,29tzJGvqJPTAFs6LXmsHoA,3,0.00616,0.288,201726,0.758,0,0.303,-5.692,0.0371,97.094,0.619,Workout,0
"Left, Right",YG,17LndP1IOtgzdzeBS21ytf,0,0.0375,0.776,232920,0.731,0,0.681,-8.229,0.35,94.974,0.217,Workout,0
"Left, Right",YG,1BpMnkPP9C5StoxcgcFEVz,0,0.0213,0.63,197040,0.684,0,0.0858,-7.308,0.188,190.049,0.137,Workout,0
Happy Go Sucky Fucky,Die Antwoord,3ckwU0TBQ0NUJ1elmDLMtZ,0,0.0446,0.631,251290,0.826,0.000226,0.728,-7.8,0.438,149.93,0.553,Workout,0
Girl I Want 2 Eat U,Die Antwoord,6fJBMuX4vUmeztp20PC8J9,0,0.0123,0.634,244274,0.845,0,0.126,-4.284,0.292,187.978,0.547,Workout,0
Pitbull Terrier,Die Antwoord,7wxqtAEYlz4gwVowjgOTrC,0,0.00394,0.707,220337,0.632,0.0244,0.536,-6.743,0.0381,123.97,0.369,Workout,0
Cookie Thumper!,Die Antwoord,7pX7v3nQCz2bzPI02cbLmB,0,0.0891,0.784,200226,0.795,0,0.326,-4.159,0.225,133.938,0.504,Workout,0
I Fink U Freeky,Die Antwoord,6QWpolEawxnSNfYOmYFG0M,0,0.0292,0.844,280920,0.751,1.71e-05,0.499,-6.5,0.223,129.985,0.514,Workout,0
Everybody Wants To Rule The World - From “The Hunger Games: Catching Fire” / Soundtrack,Lorde,6vH82EO79HolBobpt6eMS9,0,0.62,0.389,155587,0.567,0.000204,0.108,-9.29,0.134,110.929,0.0523,Workout,0
Superheroes / Human After All / Rock'n Roll,Daft Punk,029O4HWI1pVXLfFdfQd1Jb,44,4.48e-05,0.487,341107,0.723,0.383,0.819,-11.148,0.143,138.007,0.391,Workout,0
Some Kind Of Drug,G-Eazy,1Bqxj0aH5KewYHKUg1IdrF,62,0.0705,0.634,222467,0.525,0,0.0729,-8.968,0.47,130.271,0.49,Workout2,0
Ballad Of A Dead Soulja,2Pac,7tUw8Zf8a0OcCzU1MwZHOY,55,0.0329,0.87,255627,0.855,1.11e-06,0.103,-3.591,0.108,102.789,0.446,Workout2,0
Grindin',NF,3m6HMeFX6GIlGPMBcLEN6t,64,0.194,0.677,277293,0.732,0,0.0907,-6.86,0.171,110.085,0.32,Workout2,0
The Beast,Tech N9ne,2ZaWL12apL7wmNPuJMlny4,58,0.287,0.703,219573,0.909,0,0.401,-4.205,0.46,204.208,0.777,Workout2,0
Runnin' (Dying To Live),2Pac,3EaFe9jMJ8upE4597GkKR2,0,0.0463,0.541,230786,0.805,0.000205,0.331,-2.832,0.4,166.18,0.597,Workout2,0
Cinderella Man,Eminem,4SE4yewyGpOYfxfx59Yjc5,70,0.234,0.679,279013,0.908,0,0.0821,-3.411,0.202,85.918,0.687,Workout2,0
Beast - Southpaw Remix,Rob Bailey & The Hustle Standard,2fWSwWmKRuyioqIzOzuQGo,65,0.0252,0.596,279373,0.947,0,0.888,-4.514,0.218,143.991,0.555,Workout2,0
Can't Be Touched (feat. Mr. Magic & Trouble),Roy Jones Jr.,3zmduBNsQ6BPDTZAkXzG5K,73,0.00323,0.642,214400,0.777,0,0.227,-4.809,0.094,96.986,0.413,Workout2,0
Riot Maker,Tech N9ne,0vXNkD4Io3SBBJjqnOTA1K,42,0.0734,0.698,331480,0.66,0,0.593,-3.697,0.338,162.083,0.62,Workout2,0
Am I A Psycho,Tech N9ne,1JTZqN0snbMSNtp59zveTs,58,0.0108,0.703,244307,0.776,0,0.74,-3.409,0.304,82.466,0.541,Workout2,0
My Time,Fabolous,2YZsYIsDEXZOU8OS4jEjeC,0,0.192,0.595,240053,0.819,0,0.0588,-6.186,0.143,179.9,0.498,Workout2,0
Above The Law,Bad Meets Evil,5oEgPvhTZ4CFjeuuLfmMsI,61,0.092,0.443,209613,0.895,0,0.239,-3.377,0.469,183.602,0.52,Workout2,0
Heart Of A Champion - Album Version / Explicit,Nelly,5IsIwEZYogIGgyutqCLwK7,50,0.105,0.565,269987,0.945,0,0.536,-3.38,0.159,157.754,0.858,Workout2,0
'Till I Collapse,Eminem,6yr8GiTHWvFfi4o6Q5ebdT,0,0.0748,0.551,297893,0.851,0,0.0784,-3.277,0.197,171.411,0.1,Workout2,0
Phenomenal,Eminem,4e5lEqydMatcEio6ef9Dpf,57,0.153,0.64,282547,0.841,0,0.0457,-2.426,0.0466,121.075,0.0471,Workout2,0
Fight Music,D12,5OY8EtE7tt2nM4c0oxhJY8,0,0.0803,0.75,261093,0.849,0,0.333,-3.097,0.264,89.501,0.771,Workout2,0
Kings Never Die,Eminem,33aHjpcpGYdPC0huGsieuL,0,0.0275,0.771,296133,0.896,0,0.204,-5.289,0.129,112.505,0.0593,Workout2,0
If I Can't,50 Cent,6mcu7D7QuABVwUGDwovOEh,72,0.265,0.886,196627,0.626,0,0.024,-2.528,0.277,93.989,0.856,Workout2,0
Lose Yourself - Soundtrack Version,Eminem,7w9bgPAmPTtrkt2v16QWvQ,1,0.00971,0.701,326467,0.728,0.00115,0.361,-4.554,0.255,171.388,0.0591,Workout2,0
GPS,Saba,1c8vJC0kzPNU3gx1ThbfQK,39,0.128,0.687,227029,0.688,0,0.588,-5.306,0.314,155.779,0.474,Workout2,0
Redbone,Childish Gambino,3kxfsdsCpFgN412fpnW85Y,0,0.172,0.745,326933,0.356,0.00943,0.123,-10.425,0.0941,160.033,0.607,Workout2,0
Party Monster,The Weeknd,4F7A0DXBrmUAkp32uenhZt,84,0.189,0.573,249213,0.63,2.31e-05,0.259,-8.389,0.105,77.525,0.218,Workout2,0
Immortal,J. Cole,6AGON2BGdPmPMJGiiNuuwl,66,0.455,0.744,201667,0.43,2.73e-06,0.126,-10.604,0.309,92.039,0.266,Workout2,0
POWER,Kanye West,2gZUPNdnz5Y45eiGxpHGSc,78,0.0161,0.542,292093,0.914,0,0.744,-4.747,0.113,153.993,0.576,Workout2,0
Lost - Explicit Album Version,Gorilla Zoe,6XIiqQp6A0gzaIEaDszkZX,53,0.0162,0.722,287187,0.564,0.176,0.351,-7.476,0.0668,136.039,0.553,Workout2,0
Colors,Sean Kingston,7mASPK6bwRU8KE1XTLBHjz,23,0.0192,0.461,273614,0.859,0,0.475,-4.833,0.184,82.113,0.264,Workout2,0
Welcome To The Jungle,Guns N' Roses,0bVtevEgtDIeRjCJbK3Lmv,71,0.0235,0.447,272027,0.954,0.403,0.298,-8.069,0.0751,123.453,0.331,Workout2,0
X Gon' Give It To Ya,DMX,4tXA1TUmKvz7CbUT9LUHDx,0,0.0139,0.769,217587,0.899,0,0.0681,-3.104,0.165,95.058,0.641,Workout2,0
"Go Hard, Go Home (feat. Giz, Swellz & Choppa)",Roy Jones Jr.,0Cw5iiA8OHWIhuIIA8u8N5,57,0.0381,0.595,325333,0.714,0,0.08,-5.705,0.0609,88.449,0.141,Workout2,0
Eye of the Tiger,Survivor,2HHtWyy5CgaQbC7XSoOb0e,75,0.216,0.815,243773,0.438,0.000466,0.0787,-14.522,0.0346,108.965,0.552,Workout2,0
Worldwide Choppers,Tech N9ne,2Lo2BWhhlZSJds2yBhxoet,55,0.00285,0.746,326427,0.853,0,0.376,-4.452,0.13,130.028,0.362,Workout2,0
G.O.M.D.,J. Cole,16qYlQ6koFxYVbiJbGHblz,4,0.331,0.89,301133,0.393,8.81e-06,0.283,-10.821,0.267,128.084,0.304,Workout2,0
No Role Modelz,J. Cole,62vpWI1CHwFy7tMIcSStl8,21,0.301,0.692,292987,0.521,0,0.0565,-8.465,0.33,100.45,0.463,Workout2,0
Cell Therapy,Goodie Mob,1rJrDaAVtS9g5ij4T88Rj5,37,0.0904,0.854,301200,0.511,0,0.116,-8.874,0.491,83.115,0.438,Workout2,0
You Don't Know,Eminem,6mqmYfy7i8rBqgs3e2J0d4,31,0.0111,0.77,257933,0.858,0,0.0904,-1.835,0.125,85.487,0.754,Workout2,0
Where The Hood At,DMX,6RUpJeXT6U4SPEafnr9Wr7,70,0.151,0.537,286267,0.948,0,0.356,-3.063,0.355,186.151,0.792,Workout2,0
Lights Out - Feat. King Cyz,Frontlynaz,5Q9XjTc3KEaykbeG73Rual,7,0.511,0.567,298400,0.751,0,0.0857,-7.404,0.406,78.802,0.51,Workout2,0
Never Scared - The Takeover Remix - Club Mix,Bone Crusher,79jaa2QGadIViTda6v5Q31,46,0.00511,0.627,319907,0.889,0.001,0.22,-3.485,0.0664,73.012,0.491,Workout2,0
The Game & Skrillex: El Chapo,The Game,24b20V609aI0WJ8LyxR8qx,0,0.138,0.754,220079,0.909,0,0.281,-3.323,0.23,126.994,0.591,Workout2,0
Sometimes,Caye,09pjMhfwFGB5TKEQLBdcMX,0,0.135,0.521,201039,0.33,4.37e-05,0.0962,-11.752,0.0853,153.374,0.199,chill,1
Janet,Berhana,3ml3WB66sqG4kXoPBX2POA,52,0.354,0.81,204000,0.308,0,0.0899,-8.194,0.0818,120.012,0.56,chill,1
Gold,Caye,06ioEUTe1YQXSphSq38uWg,36,0.368,0.777,185339,0.364,0,0.0772,-7.514,0.0729,124.925,0.187,chill,1
Lock It Up (feat. Kehlani),Marc E. Bassy,6uT9XRrPvimLt62FNjMNBv,43,0.653,0.738,226220,0.443,0,0.103,-9.614,0.0707,127.084,0.687,chill,1
We Find Love,Daniel Caesar,1TPLsNVlofwX1txcE9gZZF,64,0.853,0.51,254919,0.363,0,0.109,-8.635,0.0304,78.0,0.426,chill,1
Often,Abhi//Dijon,4RdBZE3BH44wZXoj2vmjez,40,0.845,0.599,189786,0.27,0.00042,0.11,-17.638,0.0905,124.155,0.377,chill,1
Rewind,Tontario,4PROPHDYVwatYdKqLMCkzP,29,0.799,0.546,189000,0.49,0.00262,0.377,-9.17,0.0917,94.052,0.0677,chill,1
Sunday Vibes,Masego,3l75jB2gKi4VpgklWIbTOz,55,0.258,0.691,226168,0.67,0.764,0.117,-4.471,0.0644,170.066,0.22,chill,1
I Took A Pill In Ibiza - Seeb Remix,Mike Posner,17Fd6Yb7mSbinKG8LoWfFl,0,0.0353,0.663,197933,0.713,7.68e-06,0.0843,-6.647,0.112,101.965,0.69,Chill,1
Love Yourself,Justin Bieber,3hB5DgAiMAQ4DzYbsMq1IT,0,0.835,0.609,233720,0.378,0,0.28,-9.828,0.438,100.418,0.515,Chill,1
PILLOWTALK,ZAYN,0PDUDa38GO8lMxLCRc4lL1,78,0.117,0.584,202747,0.7,0,0.0939,-4.275,0.0456,124.944,0.438,Chill,1
Lovers & Friends,Lil Jon,22iOO39QpOuEE9Igz2PxyG,0,0.0625,0.569,260613,0.49,0,0.464,-6.191,0.261,69.955,0.496,Chill,1
7 Years,Lukas Graham,7129iqBafaphfc3WPCGC0L,52,0.29,0.742,237300,0.479,0,0.391,-5.83,0.0551,119.951,0.346,Chill,1
Simple Things,Miguel,2YEr07055St40kz0aUfm4f,56,0.642,0.536,196027,0.496,0.000802,0.119,-6.452,0.0429,80.925,0.234,Chill,1
Like I'm Gonna Lose You,Meghan Trainor,2YlZnw2ikdb837oKMKjBkW,78,0.4,0.63,225053,0.53,0,0.177,-7.259,0.0434,108.038,0.417,Chill,1
If I Have To,Avery Wilson,4DLZpekzmIm1fSO0IPEk3R,33,0.34,0.398,184173,0.508,0,0.125,-4.614,0.115,77.893,0.0903,Chill,1
"I Need a Girl Part 2 (feat. Loon, Ginuwine & Mario Winans)",Diddy,6Wt5QBzHp9vdSLAFlvdnDQ,71,0.421,0.713,285587,0.471,0,0.0308,-7.392,0.483,199.764,0.779,Chill,1
明明就,Jay Chou,04x6DpeFQ72efXsD0DmWPQ,57,0.14,0.543,260387,0.428,0,0.0876,-8.966,0.0262,112.985,0.173,Chill,1
七里香,Jay Chou,3kwqNLXvsjSrIXbVsRBj8q,62,0.382,0.483,295307,0.576,0.00011,0.278,-6.911,0.028,142.132,0.49,Chill,1
珊瑚海,Jay Chou,4JY5s40ymnG18f6wxQtzPw,62,0.773,0.459,254320,0.565,0,0.135,-5.537,0.0274,145.988,0.149,Chill,1
給我一首歌的時間,Jay Chou,1KlVJebZrrMSMxcEKOV5w5,57,0.272,0.756,251560,0.635,0,0.146,-5.369,0.0282,118.004,0.519,Chill,1
說好的幸福呢,Jay Chou,6W2tmkeuHKaedHhdTPnyVs,59,0.345,0.543,254720,0.473,0,0.134,-7.958,0.0282,117.61,0.24,Chill,1
愛你沒差,Jay Chou,0N8PEQ33Ba841py3SEV0Wp,46,0.0969,0.458,280720,0.53,0,0.109,-8.401,0.0258,150.142,0.225,Chill,1
Mine Mine,Jay Chou,6C07AiFdxKqUPbv92K4CG7,45,0.139,0.764,268173,0.434,0.00409,0.083,-9.634,0.0259,112.974,0.286,Chill,1
我不配 - Live,Jay Chou,2wGf8JbSGQB4XfZTJkEJPY,30,0.642,0.574,292080,0.59,0,0.364,-6.402,0.0271,107.996,0.466,Chill,1
你是我的OK繃 - Live,Jay Chou,1XACy3ciknn4TIwWdoTeJx,30,0.629,0.536,282720,0.713,0,0.372,-5.77,0.0283,81.983,0.525,Chill,1
稻香,Jay Chou,6Uq8BnOxvXJsQiJ2XqfO5P,60,0.286,0.67,223453,0.626,0,0.0843,-5.027,0.0628,163.985,0.205,Chill,1
我不配,Jay Chou,7G7ao6iFuNIn2k9cZhO5lP,56,0.511,0.731,286760,0.489,3.04e-06,0.0775,-8.361,0.0244,108.019,0.363,Chill,1
蒲公英的約定,Jay Chou,4hYHaROtjB6YREh6AgW3fd,61,0.128,0.569,245200,0.507,0,0.0999,-7.191,0.0239,135.977,0.15,Chill,1
聽媽媽的話,Jay Chou,14YooSSTGCikWjqD0e5r4j,0,0.391,0.719,263973,0.64,6.52e-05,0.11,-6.615,0.0287,92.989,0.595,Chill,1
退後,Jay Chou,5wliwpm3bkFQ7Z8l3lLTwf,0,0.406,0.661,260200,0.572,0,0.111,-5.665,0.0246,131.954,0.186,Chill,1
菊花台,Jay Chou,4sLlPACKA3OTNcJryGgWKR,51,0.569,0.406,293960,0.354,0,0.225,-6.814,0.0277,137.746,0.222,Chill,1
浪漫手機,Jay Chou,4ofmSKnAYj295dE0klRGQx,52,0.656,0.565,238400,0.504,0.000189,0.117,-8.324,0.0325,170.025,0.378,Chill,1
夜曲,Jay Chou,32nainF4TXsMpuFOGCkzzM,60,0.285,0.674,226773,0.649,0.0585,0.226,-5.869,0.0451,86.985,0.6,Chill,1
龍捲風,Jay Chou,0ZJecVwpRY2TKi3j2kkwXR,0,0.681,0.637,248160,0.557,0,0.102,-6.585,0.0314,143.945,0.544,Chill,1
她說,JJ Lin,632VyMrvhsHIsO4zq9khts,61,0.948,0.335,318499,0.326,0,0.0619,-7.223,0.0331,169.267,0.326,Chill,1
小酒窩,JJ Lin,53WV5mAY2opmFC0r0LjRdM,59,0.732,0.637,218027,0.442,0,0.127,-6.073,0.0254,95.201,0.338,Chill,1
一千年以後,JJ Lin,1J59cbPdIwiUMtX1ee7NwM,50,0.658,0.365,227600,0.488,0,0.146,-6.294,0.0409,121.975,0.231,Chill,1
發現愛,JJ Lin,3D0vHU0QeUsLfJk9qP0Nje,23,0.599,0.642,220056,0.512,0,0.382,-7.705,0.0288,122.926,0.345,Chill,1
突然好想你,Mayday,3mTmGzRwgPPqLSi7Smvkxt,0,0.213,0.471,265867,0.459,5.32e-06,0.197,-6.502,0.0268,140.17,0.383,Chill,1
依然愛你,Leehom Wang,7qOp7uoBitD281yF5PxWAy,0,0.837,0.635,244600,0.374,0,0.129,-10.116,0.0587,147.989,0.401,Chill,1
心跳,Leehom Wang,6D6tjxdEoUKm2gpuPMZW6M,0,0.172,0.546,262080,0.499,0,0.131,-6.139,0.0279,115.486,0.172,Chill,1
你是我心內的一首歌,Leehom Wang,0s4jjt2KLI64rHZyLIT9gr,0,0.226,0.535,166693,0.529,0,0.102,-6.796,0.0272,181.684,0.585,Chill,1
你不知道的事,Leehom Wang,6KAw9NEvkVlIhg5T0G97M8,0,0.494,0.493,277160,0.295,0,0.13,-9.924,0.0251,86.982,0.301,Chill,1
第一個清晨 - Live,Leehom Wang,2ryAcZJz8x9LGqCKEKsHng,7,0.868,0.371,116587,0.0517,0,0.131,-25.516,0.0495,93.527,0.236,Chill,1
Let Me Love You,Mario,5xV0Czdqefft6sPDqjmFBu,52,0.169,0.681,249093,0.586,0,0.0924,-8.324,0.058,94.539,0.604,Chill,1
Sure Thing,Miguel,0JXXNGljqupsJaZsgSbMZV,92,0.0267,0.684,195373,0.607,0.000307,0.191,-8.127,0.1,81.001,0.498,Chill,1
It Won't Stop (feat. Chris Brown),Sevyn Streeter,2xRYnHQdLD9ketvC01UYYT,68,0.016,0.657,281080,0.574,8.1e-05,0.172,-9.484,0.0407,119.992,0.211,Chill,1
晴天,Jay Chou,0F02KChKwbcQ3tk4q1YxLH,65,0.276,0.547,269747,0.567,0.000548,0.104,-7.295,0.0242,137.13,0.399,Chill,1
可惜沒如果,JJ Lin,6WoQzK5Exbfcmow1AoNRkl,62,0.617,0.486,298293,0.424,0,0.116,-5.755,0.0262,79.989,0.286,Chill,1
Photograph,Ed Sheeran,6fxVffaTuwjgEk5h9QyRjy,66,0.607,0.614,258987,0.379,0.000464,0.0986,-10.48,0.0476,107.989,0.201,Chill,1
Thinking Out Loud,Ed Sheeran,1Slwb6dOYkBlWal1PGtnNg,65,0.474,0.781,281560,0.445,0,0.184,-6.061,0.0295,78.998,0.591,Chill,1
The A Team,Ed Sheeran,1VdZ0vKfR5jneCmWIUAMxK,75,0.669,0.642,258373,0.289,0,0.18,-9.918,0.0367,84.996,0.407,Chill,1
How to Save a Life,The Fray,5fVZC9GiM4e8vu99W0Xf6J,79,0.269,0.64,262533,0.743,0,0.101,-4.08,0.0379,122.035,0.361,Chill,1
You Found Me,The Fray,4IoYz8XqqdowINzfRrFnhi,73,0.0187,0.338,241853,0.803,0,0.136,-5.412,0.0413,151.994,0.4,Chill,1
Next To You,Chris Brown,7DVvm94B6KDKtI6wzG4Vvm,0,0.0201,0.67,265813,0.676,0,0.11,-4.725,0.037,114.974,0.349,Chill,1
With You,Chris Brown,1CdkNxTlkUWR4ZnXcKES3b,0,0.134,0.662,252120,0.693,0,0.145,-4.298,0.0698,86.009,0.655,Chill,1
I Wanna Be,Chris Brown,2BXm7Q39qO2B6LlckVPjtg,0,0.302,0.717,226173,0.562,0,0.0919,-7.03,0.0537,121.967,0.652,Chill,1
Yo (Excuse Me Miss),Chris Brown,7DFnq8FYhHMCylykf6ZCxA,72,0.119,0.536,229040,0.612,0,0.209,-5.847,0.272,86.768,0.57,Chill,1
Crush,Yuna,3Txcx4jhuiTZSvhAL0WaRc,58,0.366,0.678,243133,0.414,3.78e-06,0.0885,-10.144,0.0498,130.031,0.355,Chill,1
童話,Michael Wong,09oeZoDXXHxQKZnGlewEQu,0,0.769,0.549,244968,0.452,0,0.095,-5.373,0.0266,136.083,0.361,Chill,1
第一次,Michael Wong,5u59RQ4xyBhnUR81b2detz,0,0.557,0.279,263360,0.395,0,0.0916,-7.961,0.0346,207.846,0.254,Chill,1
勉強,Hu Xia,3MMJw13cPo3E5ni0qmip4I,16,0.0706,0.571,283933,0.522,2.68e-06,0.0949,-7.404,0.0256,143.034,0.351,Chill,1
指望,Yisa Yu,76Yiw00dOGxBkHbaZS5pOZ,41,0.739,0.643,239279,0.505,0,0.12,-5.344,0.0332,116.101,0.208,Chill,1
最近,Sam Lee,57pUHpCltt09b5w1W6m9qb,53,0.59,0.664,243442,0.432,0,0.139,-7.406,0.0328,113.879,0.29,Chill,1
對面的女孩看過來,Richie Jen,51vo4MbGHmzEuW5Nrk6flg,41,0.067,0.61,189940,0.703,0,0.186,-6.15,0.0754,129.991,0.511,Chill,1
手心的薔薇,JJ Lin,07DWACsD58aEdq6XnDadLh,62,0.849,0.422,280053,0.499,0,0.276,-5.702,0.0278,86.948,0.17,Chill,1
江南,JJ Lin,0YgvF6fNWydNGzCY3pzK4Y,60,0.75,0.621,265000,0.517,0,0.315,-9.433,0.0371,120.021,0.404,Chill,1
Cold Water (feat. Justin Bieber & MØ),Major Lazer,6DNtNfH8hXkqOX1sjqmI7p,0,0.0736,0.608,185352,0.798,0,0.156,-5.092,0.0432,92.943,0.501,Chill,1
Closer,The Chainsmokers,7BKLCZ1jbUBVqRi2FVlTVw,84,0.414,0.748,244960,0.524,0,0.111,-5.599,0.0338,95.01,0.661,Chill,1
Our First Song,Joseph Vincent,6J9tgHIE8qdy5ulg3c9SwG,0,0.958,0.701,171028,0.252,1.1e-05,0.0938,-10.844,0.0477,158.087,0.723,Chill,1
The Ocean,Mike Perry,2CPqh63wRVscbceKcPxwvv,70,0.0225,0.632,183414,0.575,1.81e-06,0.104,-6.478,0.029,90.037,0.188,Chill,1
好眼淚壞眼淚,Vivian Hsu,2s6yR0dHeXhLAwbCpeBQQO,35,0.851,0.575,234653,0.285,7.09e-06,0.0943,-10.433,0.026,76.981,0.399,Chill,1
崇拜,Fish Leong,5ffIyIKABdFm6VIZbRVFFm,0,0.812,0.389,237533,0.312,0,0.207,-6.902,0.027,72.753,0.367,Chill,1
In the morning - Version,Natural Self,1oMVxUgyxXqtCR35sNl8KM,42,0.503,0.918,236747,0.837,0.432,0.516,-6.373,0.0603,109.454,0.899,VIBE,2
I Turn My Camera On,Spoon,5uIeRAC9O1ZXPQEEqpPVLL,0,0.0196,0.92,212027,0.364,0.000298,0.11,-9.371,0.0381,100.171,0.777,VIBE,2
Honestly Ok,Dido,4bNKvePgcSeo9eQM2yIbVE,39,0.161,0.607,278773,0.595,0.0188,0.184,-9.237,0.0542,180.982,0.581,VIBE,2
Believe In It,Michna,6xxkyxprEd4B9a28yrhsyR,0,0.0556,0.802,214107,0.77,0.884,0.801,-6.339,0.0407,99.001,0.623,VIBE,2
Finally Moving,Pretty Lights,3WS7spXVlbeC5kjePmHMQW,56,0.382,0.735,277975,0.555,0.856,0.0952,-8.84,0.0366,100.01,0.523,VIBE,2
On & On,Erykah Badu,0tNuJpBgtE65diL6Q8Q7fI,69,0.0396,0.762,226133,0.403,0.0113,0.256,-10.423,0.158,80.476,0.346,VIBE,2
Nightcall,Kavinsky,0U0ldCRmgCqhVvD6ksG63j,72,0.00842,0.532,258413,0.874,0.012,0.452,-5.183,0.0482,91.038,0.361,VIBE,2
Twice,Little Dragon,5ufZfQkk1FFbFARFL3VH5U,0,0.974,0.395,186187,0.197,0.00579,0.0803,-11.745,0.0331,137.828,0.236,VIBE,2
The Vortex,Jens Buchert,4sjFxvB5yYqJQNKx1AV6bk,25,0.152,0.596,326056,0.601,0.907,0.0957,-10.745,0.0266,89.997,0.115,VIBE,2
In The Waiting Line,Zero 7,57kozn0j4DL3toKrqKQY0U,0,0.76,0.561,271520,0.33,0.134,0.106,-13.51,0.0268,79.01,0.378,VIBE,2
Mandarine Girl,Lotus,0KB8A2jnZKT6aXvOzhKlCo,8,0.137,0.592,253515,0.689,0.877,0.1,-8.21,0.033,88.997,0.336,VIBE,2
Porcelain,Oakman,0pH2d6191rnYlcL1MaM3Gx,17,0.000695,0.586,212107,0.642,0.0385,0.137,-8.814,0.0288,95.016,0.298,VIBE,2
I've Been Thinking,Handsome Boy Modeling School,3mT1AONeTJDi1k8vH8pA2L,0,0.499,0.705,324067,0.479,0.000425,0.114,-9.217,0.0767,80.009,0.431,VIBE,2
Little Bit,Lykke Li,6PZDPg3dZgJkNL6nVMUB4b,40,0.158,0.819,273427,0.736,0.00161,0.109,-6.504,0.0416,120.318,0.701,VIBE,2
Tea Leaf Dancers,Flying Lotus feat. Andreya Triana,682cnKvTcXg59UvQUic4t2,13,0.388,0.637,192240,0.49,0.0322,0.363,-7.288,0.563,133.414,0.247,VIBE,2
Love Dub,Cooly G,6oDzrk6RkZ9p2Py7ioozJN,3,0.0637,0.54,215693,0.527,0.777,0.119,-10.101,0.1,127.958,0.428,VIBE,2
Adorn,Miguel,5hJFhO9dvhJoDvUZZ9iWSw,66,0.0543,0.625,193147,0.576,4.07e-05,0.187,-5.693,0.175,179.063,0.235,VIBE,2
Sleepless,Flume,7dW7i3Pf4tLeOAZ3mNpk56,0,0.0189,0.449,208493,0.63,7.98e-05,0.103,-9.236,0.304,174.966,0.495,VIBE,2
Down The Road,C2C,1SayqEg8HKK2IeIEWjdYxY,51,0.0672,0.72,207187,0.595,4.73e-05,0.0775,-6.109,0.0976,111.0,0.486,VIBE,2
Litost,X Ambassadors,7HyvbdOddwXEGzKoLNxhKG,46,0.0703,0.456,321387,0.459,0.000183,0.11,-8.416,0.0356,120.009,0.167,VIBE,2
You Made It,DJ Shadow,3svsoWykZiBhyIz0OIaWIN,1,0.00568,0.528,167120,0.752,0.000317,0.215,-5.978,0.028,155.96,0.871,VIBE,2
Voodoo Child (Starring Afu Ra) [Dj Premier Remix],DJ Cam,2GHCGJ8LSmSy3GDnGwPssh,25,0.00126,0.811,222360,0.679,3.73e-05,0.0667,-7.104,0.222,92.982,0.887,VIBE,2
Telemiscommunications,deadmau5,06ZumdD89viAIlyPlaW3hX,24,0.662,0.469,247756,0.367,0,0.0529,-15.232,0.143,90.016,0.567,VIBE,2
Show Your Love,DJ Cam,2s8SzxTOJM6qUrxKmou4BK,9,0.0583,0.645,251373,0.601,0.0166,0.221,-8.153,0.0517,94.027,0.43,VIBE,2
Scale It Back,DJ Shadow,0GsQ4dS8a6vV3P3A7lc4nc,0,0.051,0.633,256956,0.661,0.00511,0.118,-8.234,0.0254,168.093,0.696,VIBE,2
Redeemed,DJ Shadow,5vQq4voQxd3QTkkdkONX1Q,0,0.0574,0.622,266291,0.831,0.816,0.223,-9.403,0.0413,119.514,0.241,VIBE,2
Que Sera,Wax Tailor,61KHfpOOqUgSWpzfpufkzs,0,0.263,0.581,164093,0.73,0.421,0.159,-5.038,0.107,165.843,0.443,VIBE,2
Protection,Massive Attack,3kKVqFF4pv4EXeQe428zl2,59,0.0162,0.577,471560,0.421,0.124,0.0722,-13.142,0.0489,168.009,0.737,VIBE,2
Only You,Ellie Goulding,4bWnKmUeVwQIM0n2QwZ5Sc,34,0.0196,0.57,230888,0.745,0,0.626,-4.567,0.0321,98.944,0.613,VIBE,2
(Not So) Sad And Lonely,DJ Shadow,0lNv8HyonQ5c6SYwkcmwD8,0,0.884,0.475,269653,0.174,0.9,0.192,-16.336,0.0334,112.223,0.0631,VIBE,2
Listen,DJ Shadow,55SAyrUcLo8fEFjvcN2twt,0,0.0299,0.705,179880,0.813,0.00123,0.033,-7.334,0.0317,112.003,0.862,VIBE,2
I've Been Trying,DJ Shadow,7vBhC6oWcqP8ug24Ctz7Su,2,0.588,0.544,192627,0.674,0.00325,0.373,-10.107,0.0487,170.658,0.564,VIBE,2
Ghostwriter,RJD2,5Nn2Dj7OQsGL6pgQ9iIzPp,61,0.0107,0.747,317933,0.68,0.803,0.0964,-6.187,0.0346,93.804,0.594,VIBE,2
Darkest (Dim),TOKiMONSTA,7wsOAPS2qrNmJp0UJjMwJv,0,0.0592,0.519,309145,0.551,0.437,0.368,-8.436,0.0333,86.83,0.141,VIBE,2
Change Is Gonna Come,Pretty Lights,6BtacdAJogD1sDVr95f83W,26,0.0426,0.584,371215,0.905,0.584,0.38,-6.471,0.0437,107.011,0.307,VIBE,2
Ask Your Friends,Pretty Lights,1f1v3XiqVTcUXmOGmftozQ,20,0.00323,0.666,323882,0.754,0.834,0.0772,-8.575,0.04,146.017,0.604,VIBE,2
Runnin',The Pharcyde,0XgpiStoxq1IJncYlPrvZ5,65,0.0287,0.754,296267,0.785,0.00144,0.319,-8.178,0.18,94.123,0.821,VIBE,2
Cover My Eyes,La Roux,5Z0DeBe276oldwAh6ooCxl,0,0.165,0.696,272440,0.661,0,0.078,-3.707,0.0259,108.003,0.486,VIBE,2
Aqueous Transmission,Incubus,2KA5dJ1anLSIbKrq5Hg6B6,0,0.00501,0.415,466560,0.456,0.763,0.178,-12.082,0.0352,151.937,0.0935,VIBE,2
Massage Situation,Flying Lotus,6OHWgUuDDedHRVhcg8vlaf,23,0.0108,0.603,167173,0.606,0.00157,0.108,-5.06,0.0688,93.06,0.403,VIBE,2
Closer,Goapele,2uA9UIwIh80JVNblihS6gt,0,0.448,0.715,228438,0.429,0.0223,0.102,-6.476,0.0315,93.006,0.359,VIBE,2
Intro,The xx,0bXpmJyHHYPk6QBFj25bYF,1,0.459,0.617,127920,0.778,0.925,0.128,-8.871,0.027,100.363,0.152,VIBE,2
Hell Is Round The Corner,Tricky,2LdaAgX3r9WiyuOJRoN5m2,0,0.304,0.55,227067,0.535,0.00605,0.193,-12.269,0.193,119.895,0.491,VIBE,2
Crystalised (The Neon Lights Remix),The xx,1qb40a0BQjVxRkpdvofNVn,0,0.0604,0.725,225729,0.478,0.0109,0.0428,-6.933,0.066,100.012,0.498,VIBE,2
Fiction,The xx,3HbRZqIeA48jhIQ8VOYf5E,0,0.695,0.786,176480,0.362,0.408,0.0897,-13.785,0.0373,115.022,0.642,VIBE,2
Basic Space,The xx,16NE62lzGmi6ehGTNVI659,0,0.21,0.94,188120,0.208,0.085,0.105,-15.235,0.0853,115.872,0.148,VIBE,2
Press Snooze,Daedelus,08Z7Ve3H5p850qQfG9N3Of,0,0.189,0.638,205693,0.701,0.633,0.198,-12.067,0.0484,139.974,0.702,VIBE,2
You Know You Like It,AlunaGeorge,70adgkFUakt1DgxqwTMC6X,0,0.113,0.726,202339,0.63,0.000112,0.364,-9.351,0.166,91.981,0.4,VIBE,2
Breathe,Télépopmusik,46LwAOzg3UYvxiXyyaFedz,0,0.421,0.687,296227,0.646,0.41,0.362,-13.639,0.0462,113.993,0.571,VIBE,2
Motion,Balam Acab,20Y5XZkFEJ7hEFPQq611vZ,0,0.321,0.493,243140,0.714,0.842,0.111,-10.267,0.0715,114.002,0.0561,VIBE,2
Wicked Games,The Weeknd,6VwBbL8CzPiC4QV66ay7oR,73,0.00959,0.658,323747,0.591,5.27e-06,0.325,-5.197,0.0309,114.078,0.326,VIBE,2
Touch,Holy Other,0IxGgqjkjVtC9za87YRGtK,0,0.115,0.637,255444,0.571,0.597,0.135,-7.548,0.0409,80.211,0.0916,VIBE,2
Houstatlantavegas,Drake,0faYOYKrE2vel4dQQqgXkf,0,0.343,0.631,290427,0.587,0.0044,0.205,-9.439,0.0622,67.648,0.457,VIBE,2
Runnin Away For Good,Drake,1rWatpQcBCiVIa1UhZAiyT,1,0.25,0.799,292667,0.463,0.303,0.165,-7.481,0.113,100.055,0.59,VIBE,2
Since I Left You,The Avalanches,516V4vS25xnGdVgkBWO6Wf,0,0.237,0.516,261000,0.916,0,0.636,-7.255,0.0644,102.779,0.478,VIBE,2
"Drumming Song - MTV Unplugged, 2012",Florence + The Machine,7m2Vg1p0d0tksAnj6B4Qfd,34,0.721,0.441,283813,0.595,0,0.778,-5.354,0.0311,98.387,0.265,VIBE,2
Get Free (feat. Amber Coffman),Major Lazer,085XpQzAKm4nAfcfRp2get,0,0.14,0.525,291162,0.538,0.117,0.095,-9.366,0.0783,175.953,0.802,VIBE,2
No Love,Little Dragon,29j4EY2vlbQH1qzzi6awX9,0,0.296,0.773,266187,0.263,0.126,0.139,-8.879,0.0574,90.687,0.518,VIBE,2
The Reeling - Calvin Harris Remix,Passion Pit,3gJ6zwktnEThGNf81om0tM,0,0.00242,0.72,382560,0.863,0.0349,0.244,-7.214,0.0519,124.956,0.419,VIBE,2
Inhaler,Hooverphonic,5hSr7avqY8cSqiZzhcEOqu,1,0.000706,0.52,312093,0.587,0.358,0.155,-10.471,0.0366,173.964,0.111,VIBE,2
Foreign Language - Flight Facilities Extended Mix,Flight Facilities,4CJYWuPrkelEaRUQIDJqFi,0,0.0766,0.842,359013,0.642,0.000192,0.0232,-8.362,0.0622,124.009,0.919,VIBE,2
Canoe Canoa,Populous,1tbInvb7M0kUdlxfwh18qM,29,0.0553,0.712,177667,0.467,0.448,0.0852,-8.632,0.0342,99.986,0.524,VIBE,2
Don't Let Me Down (feat. Cat Martin),Blackmill,0oIsNC7YcF48ozlsBacKRY,39,0.00232,0.467,407439,0.824,0.285,0.0933,-7.893,0.0381,164.988,0.62,VIBE,2
Enter The Machine,PANTyRAiD,5R4hGpNiUxoDpKx1RLHvzL,31,0.0294,0.882,330245,0.361,0.875,0.307,-6.679,0.278,143.982,0.2,VIBE,2
My Winter Vacation,Populous,4WLcZboHbHdgARAIzOojRx,8,0.106,0.436,273253,0.537,0.0522,0.774,-14.77,0.0797,91.031,0.635,VIBE,2
Nothing Owed,Bonobo,6VhlABJh5uaZOpyyi5wute,41,0.362,0.641,376533,0.414,0.833,0.25,-11.95,0.0432,90.007,0.269,VIBE,2
Organ Donor,DJ Shadow,0qg7vnrsBfsDCikGxyWzSX,0,0.848,0.597,117240,0.576,0.759,0.171,-7.141,0.0322,106.181,0.881,VIBE,2
Sleepyhead,Passion Pit,4prEPl61C8qZpeo3IkYSMl,66,0.0892,0.568,174760,0.719,1.84e-06,0.233,-5.406,0.0354,106.036,0.539,VIBE,2
Trigger Hippie,Morcheeba,1GaYqv2NMMlVbG3ewJQ4A6,50,0.0758,0.628,332760,0.625,0.645,0.48,-9.224,0.0465,172.154,0.148,VIBE,2
Undenied,Portishead,24Fn8UTT8Glox4QxEXjykO,0,0.457,0.304,260040,0.285,9.92e-06,0.0936,-8.72,0.0353,147.718,0.0311,VIBE,2
Islands,The xx,2SMn57cBVxoD4TArscpovk,0,0.74,0.871,160720,0.472,0.286,0.145,-11.077,0.0756,124.04,0.707,VIBE,2
All I Need,Air,7jOM0KIKgIppqIEvEjixaj,45,0.878,0.327,268307,0.425,0.000873,0.18,-11.577,0.027,93.946,0.165,VIBE,2
Bag Lady,Erykah Badu,7BgUcOjSOlKJXASLgJ6bx1,58,0.365,0.724,348893,0.416,0,0.0969,-8.964,0.0841,151.181,0.578,VIBE,2
Bitter Sweet Symphony,The Verve,3Z9PJ6xiEGmcqo2hESEB5n,0,0.0336,0.362,357267,0.911,0,0.466,-5.966,0.049,171.112,0.498,VIBE,2
Camel,Flying Lotus,2U9hZdk1ZxxT5z0oMXVopm,15,0.0132,0.699,142893,0.926,0.2,0.311,-6.142,0.285,84.863,0.584,VIBE,2
Crystalised (Dark Sky Remix),The xx,1c1OUeRthmOiKtXfwloKro,0,0.0749,0.734,295025,0.571,0.728,0.138,-7.307,0.0542,139.928,0.431,VIBE,2
Don't Let Me Down (feat. Cat Martin),Blackmill,0oIsNC7YcF48ozlsBacKRY,39,0.00232,0.467,407439,0.824,0.285,0.0933,-7.893,0.0381,164.988,0.62,VIBE,2
Electric Relaxation,A Tribe Called Quest,0eEXcw3JLVXcRxYrVYMy68,69,0.184,0.866,226133,0.534,0.266,0.0929,-9.201,0.229,98.243,0.841,VIBE,2
Empire Ants (feat. Little Dragon),Gorillaz,3a6PN6BRB8PP3ms48s7kU1,69,0.181,0.601,283573,0.772,0.0543,0.0928,-4.137,0.031,99.445,0.294,VIBE,2
Eyes On Fire,Blue Foundation,3XHrTm6WE2BOHafLwTT3GR,65,0.67,0.544,302827,0.383,0.00204,0.125,-10.143,0.0334,145.025,0.367,VIBE,2
Feel It All Around,Washed Out,6IE47jpPeatF2Iay7GZtEc,0,0.000163,0.362,192080,0.752,0.677,0.0678,-4.589,0.0547,172.241,0.466,VIBE,2
Get The Money,PANTyRAiD,1VpqFON7eeE13IbSbRJ8Ic,35,0.223,0.784,341400,0.417,0.852,0.107,-8.944,0.102,159.984,0.039,VIBE,2
Ghost Hardware,Burial,4Ene7pDlBipg2whXHM5u7J,8,0.258,0.551,293093,0.865,0.845,0.282,-8.71,0.164,136.296,0.489,VIBE,2
Hawaii,Blackbird Blackbird,0ga8SPC1uPdqkzPUns5VVS,0,0.569,0.627,128277,0.746,0.772,0.19,-8.711,0.0469,102.024,0.876,VIBE,2
Jupiter,Tourist,7zH65FdaF3H2C1YZRyzYtM,0,0.049,0.28,269572,0.897,0.0534,0.356,-9.433,0.543,205.984,0.48,VIBE,2
Let It Be (feat. Veela),Blackmill,4ChBLndekjzQveHPsn3r6W,52,0.0134,0.518,363433,0.584,0.0215,0.0964,-7.951,0.032,139.936,0.182,VIBE,2
Lost In The World,Kanye West,2Im64pIz6m0EJKdUe6eZ8r,63,0.115,0.608,256587,0.746,0.0087,0.427,-5.249,0.184,117.072,0.277,VIBE,2
Lucid Truth,Blackmill,1nNPLcueemE7gIoBqsYUTT,42,0.0402,0.641,278147,0.913,4.43e-06,0.116,-6.548,0.0346,139.978,0.336,VIBE,2
Master of None,Beach House,4cavzVoMnmnICmOwabpuDV,0,0.648,0.493,199413,0.351,0.55,0.0939,-15.24,0.026,86.49,0.219,VIBE,2
Miracle,Blackmill,5VQdYgOMD5DunteeIWztZs,47,0.184,0.541,356091,0.586,0.681,0.128,-10.596,0.0283,138.014,0.198,VIBE,2
Organ Donor,DJ Shadow,0qg7vnrsBfsDCikGxyWzSX,0,0.848,0.597,117240,0.576,0.759,0.171,-7.141,0.0322,106.181,0.881,VIBE,2
Ritual Union,Little Dragon,4tc5UgZiIdz8LAISqEk1hP,0,0.0375,0.695,211267,0.729,0.00625,0.292,-4.435,0.0324,144.035,0.818,VIBE,2
She Just Likes to Fight,Four Tet,4TUg8KwfQoxv9wZN47yexC,0,0.788,0.732,281304,0.504,0.828,0.0996,-11.647,0.0302,118.111,0.701,VIBE,2
Smile,Télépopmusik,40Sw7gIi4EgHsdcesQvo5y,0,0.781,0.596,241560,0.446,0.626,0.562,-14.22,0.0285,133.988,0.123,VIBE,2
The Time We Lost Our Way featuring Loulou,Thievery Corporation,2twwV8BMerFcRZ1fSEOuF1,0,0.677,0.736,251707,0.423,0.656,0.065,-7.357,0.0332,88.015,0.804,VIBE,2
Triptango,Tripssono,7vnyJvpBh3fJb3DgEVG9Qo,10,0.0838,0.77,240920,0.678,0.676,0.149,-9.087,0.0491,99.982,0.188,VIBE,2
Unspoken,Four Tet,7t85fcTuz1O9QDFLQ1qUGf,30,0.0264,0.521,571000,0.569,0.672,0.272,-6.924,0.0325,165.1,0.4,VIBE,2
White Flag,Dido,6si71supnBUhddjR2FJc2L,71,0.347,0.509,240040,0.537,7.29e-06,0.0805,-6.834,0.0384,170.03,0.311,VIBE,2
Wildfire,SBTRKT,2WMRd3xAb9FwXopCRNWDq1,0,0.0308,0.835,201000,0.481,0.000501,0.0896,-7.188,0.387,139.581,0.34,VIBE,2
Window Seat,Erykah Badu,74HYrIbnpc2xKCTenv5qKM,60,0.648,0.643,289720,0.535,0.00213,0.0766,-6.795,0.0941,82.193,0.564,VIBE,2
You Got Me,The Roots,4pdLZsxq0y5oJDb6Cxlokw,66,0.151,0.729,259307,0.442,0,0.189,-8.106,0.285,81.029,0.757,VIBE,2
Young Folks,Peter Bjorn and John,4dyx5SzxPPaD8xQIid5Wjj,75,0.0164,0.699,276693,0.812,0.000763,0.105,-6.005,0.0377,138.185,0.662,VIBE,2
Punching In A Dream,The Naked And Famous,5PtEpuVX03k9bOUwilL5EO,62,0.00201,0.473,238133,0.883,0.000967,0.142,-3.65,0.047,115.048,0.164,VIBE,2
Dub In Ya Mind,Afterlife,06DXs2hBRdjNs1qE1iYCQQ,29,0.00951,0.719,346760,0.649,0.771,0.118,-8.884,0.0585,79.996,0.67,VIBE,2
The Dead Sea Scrolls,Fort Fairfield,5XskKD00gs4XvV0J2PY3Wf,9,0.593,0.64,240001,0.494,0.929,0.111,-14.224,0.0393,91.995,0.332,VIBE,2
Don't Look Back - Fug Remix,Bliss,6nN9m73dugjVC2MCNpnq5o,22,0.247,0.753,308813,0.425,0.811,0.13,-9.468,0.0661,98.004,0.588,VIBE,2
Moon Fever,Air,3mKB8BUg6JIXlNChQXQQNR,38,0.984,0.358,214258,0.137,0.838,0.096,-21.043,0.0387,120.107,0.0822,VIBE,2
Lost Where I Belong - Flying Lotus Remix,Andreya Triana,163G8sCjNA8rljKSffW03t,0,0.00365,0.292,232297,0.876,0.0153,0.244,-7.403,0.306,103.587,0.0632,VIBE,2
Kimmi In a Rice Field - Balam Acab remix,Mr Twin Sister,30bZbp1JbPVXhidkCm3ceh,6,0.378,0.559,199333,0.552,0.747,0.135,-11.645,0.0398,121.994,0.311,VIBE,2
Maximalist,Baths,147IpzivIvsYHkYS4nq2tK,0,0.00124,0.761,199680,0.715,0.409,0.124,-7.52,0.233,94.989,0.366,VIBE,2
Building Steam With A Grain Of Salt,DJ Shadow,6iugUJxw11T9vfOehIzBvF,0,0.442,0.614,399027,0.833,0.934,0.0923,-9.209,0.0297,164.717,0.469,VIBE,2
The Garden,Cut Chemist,5Tp97LcL45G82uC6vaLvt5,41,0.0535,0.727,375547,0.831,0.132,0.0566,-5.553,0.0371,101.789,0.693,VIBE,2
Mastermind,Deltron 3030,0uMn8WKu3qtQLaUyal1bsz,53,0.00224,0.741,214307,0.657,0.00756,0.0825,-9.589,0.0374,94.211,0.25,VIBE,2
Building Steam With A Grain Of Salt,DJ Shadow,6iugUJxw11T9vfOehIzBvF,0,0.442,0.614,399027,0.833,0.934,0.0923,-9.209,0.0297,164.717,0.469,VIBE,2
Far Nearer,Jamie xx,2TbQOKDTGrg3ppGkO3gltX,0,0.493,0.61,410578,0.426,0.854,0.108,-11.538,0.147,126.975,0.33,VIBE,2
Blood Red - Original Mix,Feed Me,7usbPC0r2Scsv768oP5Uma,0,0.0913,0.653,350807,0.879,0.186,0.129,-7.069,0.0571,139.951,0.0326,VIBE,2
Mages Sages II (prod. Flying Lotus),Georgia Anne Muldrow,4dz67x29rpyfyHxG0lFSmJ,14,0.0804,0.466,187400,0.867,0,0.142,-6.275,0.304,87.794,0.497,VIBE,2
Levitate,Paper Diamond,0FNjwjqMA5YvlTWsOG8qUO,20,0.000478,0.525,200015,0.8,0.429,0.319,-11.484,0.122,80.032,0.528,VIBE,2
Afro Blue - feat. Erykah Badu,Robert Glasper Experiment,1SnpbRuM74XlUujYFvqWR3,24,0.0291,0.775,307627,0.571,0.0882,0.0941,-8.097,0.0342,97.491,0.379,VIBE,2
Feeling Better,Michal Menert,6ijikBGYf0OHlVIvm8lept,22,0.403,0.662,336653,0.69,0.000353,0.21,-4.962,0.0337,107.0,0.45,VIBE,2
Untrust Us,Crystal Castles,3q2yH1T78FptWtAmCpQlrG,0,0.0429,0.604,186373,0.823,0.128,0.117,-5.389,0.0276,125.876,0.19,VIBE,2
Evil Beauty,Blackmill,4FXj4ZKMO2dSkqiAhV7L8t,45,0.337,0.652,228004,0.581,0.000101,0.0857,-8.511,0.0353,139.982,0.456,VIBE,2
Long Distance,Fred V & Grafix,2FjKa1YG4rHkboNHsWO3iB,29,8.12e-05,0.407,335532,0.914,0.233,0.186,-4.531,0.0471,174.064,0.277,VIBE,2
Show You - Dubba Jonny Remix,InContext,0ydi4AWyWjhR0NhF3T9lXD,0,7.41e-05,0.595,294857,0.746,0.743,0.0766,-9.519,0.0355,139.976,0.247,VIBE,2
Do I See Color,Adventure Club,6U1NDB1DscqQUGSHJnNwLL,36,0.00024,0.586,231268,0.958,0.581,0.365,-4.013,0.0517,139.956,0.676,VIBE,2
Epiphany,TwoThirds,4raUe9c8X1PYDhMnbjssS3,0,0.0126,0.834,367618,0.76,0.823,0.0318,-6.676,0.0729,128.005,0.656,VIBE,2
Don't Move,Phantogram,0UPsdEgJx6ypkfFUxD3ZHh,0,7.19e-05,0.558,258187,0.642,0.00746,0.201,-5.206,0.0321,99.977,0.482,VIBE,2
The Bad In Each Other,Feist,5YlhFrPeFdcpfwND0sSKQR,35,0.196,0.404,284507,0.629,0.0393,0.125,-5.315,0.0487,132.407,0.267,VIBE,2
Go Outside,Cults,0V8jGgK39sLsj2yAHHPigU,53,0.122,0.366,203067,0.704,0.939,0.345,-6.758,0.0326,77.473,0.495,VIBE,2
You,Gold Panda,3sUJfv2J82Fi4srktLV2Mi,23,0.00108,0.506,216373,0.952,0.847,0.343,-4.822,0.0929,179.839,0.669,VIBE,2
Astro Dub,Long Beach Dub Allstars,4OmO3r5F1pWwxExUQhP2xN,0,0.0101,0.449,166560,0.638,0.854,0.948,-12.81,0.0816,73.637,0.39,VIBE,2
Pursuit Of Happiness (nightmare),Kid Cudi,5iSEsR6NKjlC9SrIJkyL3k,74,0.484,0.63,295293,0.605,9.29e-05,0.298,-8.951,0.0414,115.277,0.266,VIBE,2
Hands On The Wheel,ScHoolboy Q,2kfpH2OAAdpk5J3JaraAIh,61,0.021,0.65,197800,0.859,0,0.0986,-4.54,0.0957,127.828,0.169,VIBE,2
Get Free (feat. Amber Coffman),Major Lazer,085XpQzAKm4nAfcfRp2get,0,0.14,0.525,291162,0.538,0.117,0.095,-9.366,0.0783,175.953,0.802,VIBE,2
Fade Into You,Mazzy Star,1LzNfuep1bnAUR9skqdHCK,79,0.245,0.42,295600,0.33,0.000679,0.0677,-13.925,0.0275,157.143,0.175,Sad Songs,2
Back To Black,Amy Winehouse,2s4BsyV3KhhrtsdtNfzoqb,0,0.123,0.49,240440,0.725,2.68e-05,0.0983,-3.304,0.0392,123.28,0.335,Sad Songs,2
My Immortal,Evanescence,1C0vXECyJHUeqOo2Etvrr2,0,0.869,0.204,262533,0.265,0,0.134,-9.153,0.0323,71.157,0.107,Sad Songs,2
Somebody That I Used To Know,Gotye,4wCmqSrbyCgxEXROQE6vtV,76,0.591,0.864,244973,0.495,0.000133,0.0992,-7.036,0.037,129.062,0.72,Sad Songs,2
To the Moon & Back,Savage Garden,2Jmo3B3MXTKddplyXDBZwY,0,0.0205,0.584,341067,0.76,7.25e-06,0.1,-7.369,0.0359,104.101,0.325,Sad Songs,2
Dreaming Of You,Selena,5EL8hqM8YQJHKKnzGdahly,67,0.325,0.553,314867,0.458,9.71e-05,0.0583,-10.796,0.0381,165.807,0.247,Sad Songs,2
Last Kiss,Pearl Jam,0QnONzv3TvHAWk294h6DaQ,71,0.363,0.622,195467,0.692,0.000158,0.193,-6.97,0.0276,112.053,0.774,Sad Songs,2
It's Over,Roy Orbison,3ikZyuwdbrWeGPi1rTp1Kp,12,0.769,0.486,166667,0.354,0.000802,0.11,-11.091,0.0254,90.43,0.513,Sad Songs,2
Sand And Water,Beth Nielsen Chapman,1zByJfArrVwsdJ4C2WdegY,35,0.719,0.459,248773,0.227,8.45e-06,0.106,-10.613,0.0285,113.254,0.166,Sad Songs,2
Hurt,Johnny Cash,28cnXtME493VX9NOw9cIUh,74,0.649,0.534,216533,0.392,0.000227,0.0948,-7.636,0.0267,90.379,0.163,Sad Songs,2
I Will Follow You Into The Dark,Death Cab for Cutie,3kZC0ZmFWrEHdUCmUqlvgZ,65,0.924,0.517,189187,0.206,0,0.118,-12.233,0.0421,80.401,0.489,Sad Songs,2
When I Was Your Man,Bruno Mars,0B7wvvmu9EISAwZnOpjhNI,56,0.937,0.601,213827,0.271,0,0.144,-8.688,0.0403,145.494,0.411,Sad Songs,2
Cat's In The Cradle,Harry Chapin,2obblQ6tcePeOEVJV6nEGD,65,0.234,0.489,222951,0.578,0,0.123,-9.766,0.0418,78.111,0.511,Sad Songs,2
All I Wanna Do Is Make Love To You,Heart,5YjKdeES9QRJ8NmF4Xc8pV,67,0.16,0.626,310893,0.746,0,0.0618,-8.832,0.0282,102.896,0.8,Sad Songs,2
I Love You,Climax Blues Band,3VyJPsb2ucaaVptLSDpJNH,52,0.608,0.559,245452,0.446,0.000131,0.0902,-8.805,0.0349,131.792,0.239,Sad Songs,2
