name,artist,id,playlist_name,vibe
Miracle (with Ellie Goulding),Calvin Harris,5eTaQYBE1yrActixMAeLcZ,Hot Hits UK,chill
If We Ever Broke Up,Mae Stephens,6maTPqynTmrkWIralgGaoP,Hot Hits UK,party
Daylight,David Kushner,1odExI7RdWc4BT515LTAwj,Hot Hits UK,chill
People,Libianca,26b3oVLrRUaaybJulow9kz,Hot Hits UK,chill
Wish You The Best,Lewis Capaldi,3W5KHP0Yr56ejVDns9vci3,Hot Hits UK,chill
Eyes Closed,Ed Sheeran,07bsRv0pcpbG4zJeLsUs1p,Hot Hits UK,chill
Kill Bill,SZA,1Qrg8KqiBpW07V7PNxwwwL,Hot Hits UK,chill
Red Flags,Mimi Webb,2r7BOWS3bEYjEUbLiH8kVM,Hot Hits UK,party
Search & Rescue,Drake,7aRCf5cLOFN1U7kvtChY1G,Hot Hits UK,party
Boy's a liar Pt. 2,PinkPantheress,6AQbmUe0Qwf5PZnt4HmTXv,Hot Hits UK,party
Chemical,Post Malone,4qzEjmuz380jeiBJp31oDY,Hot Hits UK,sad
Flowers,Miley Cyrus,0yLdNVWF3Srea0uzk55zFn,Hot Hits UK,party
ceilings,Lizzy McAlpine,2L9N0zZnd37dwF0clgxMGI,Hot Hits UK,chill
Hell N Back,Bakar,3NRql0A1Ef4RCvT473iqgD,Hot Hits UK,chill
Escapism.,RAYE,5mHdCZtVyb4DcJw8799hZp,Hot Hits UK,chill
REACT,Switch Disco,1UPHCP5YeVfele4DMbdGyi,Hot Hits UK,party
Calm Down (with Selena Gomez),Rema,0WtM2NBVQNNJLh6scP13H8,Hot Hits UK,party
Baby Don't Hurt Me,David Guetta,3BKD1PwArikchz2Zrlp1qi,Hot Hits UK,party
Heaven,Niall Horan,1yHVHoz6Ny29gbbWJYVnFt,Hot Hits UK,chill
Rush,Ayra Starr,1xs8bOvm3IzEYmcLJVOc34,Hot Hits UK,chill
Players,Coi Leray,6UN73IYd0hZxLi8wFPMQij,Hot Hits UK,party
Here,Tom Grennan,5yuGEEvvqMHvoLIxEFnaDT,Hot Hits UK,party
Anti-Hero,Taylor Swift,0V3wPSX9ygBnCm8psDIegu,Hot Hits UK,chill
Creepin' (with The Weeknd & 21 Savage),Metro Boomin,2dHHgzDwk4BJdRwy9uXhTO,Hot Hits UK,chill
Whistle (feat. Calum Scott),Jax Jones,4q05KbxYZ5JdkmrletgPjF,Hot Hits UK,party
Tony Soprano 2,Nines,5ynt5y5eAcCc1Kpl9u4MMt,Hot Hits UK,party
Can't Tame Her,Zara Larsson,4vOoQh9MhS9pyrbvc8LyMz,Hot Hits UK,party
10:35,Tiësto,6BePGk3eCan4FqaW2X8Qy3,Hot Hits UK,party
Princess Diana (with Nicki Minaj),Ice Spice,0ZxhtATQ0a6EvQNZ0z6NKV,Hot Hits UK,party
Forget Me,Lewis Capaldi,5uSFGgIfHMT3osrAd9n9ym,Hot Hits UK,sad
Sure Thing,Miguel,0JXXNGljqupsJaZsgSbMZV,Hot Hits UK,party
Giving Me,Jazzy,1ACFweuuvf6MHtptObgreR,Hot Hits UK,chill
Us Against the World,Strandz,4TaS4giQQK01vKzBB40AEY,Hot Hits UK,party
Last Night,Morgan Wallen,7K3BhSpAxZBznislvUMVtn,Hot Hits UK,chill
Pretty Boys,Caity Baser,698ehyxjqZ7i06vUJQFviN,Hot Hits UK,party
Waffle House,Jonas Brothers,5iE3eUH2WGCXcE2xr6DEmU,Hot Hits UK,party
messy in heaven,venbee,5RobAV5ROH5KARimi7n3cO,Hot Hits UK,party
Double Fantasy (with Future),The Weeknd,4VMRsbfZzd3SfQtaJ1Wpwi,Hot Hits UK,chill
golden hour,JVKE,5odlY52u43F5BjByhxg7wg,Hot Hits UK,chill
LET GO,Central Cee,3zkyus0njMCL6phZmNNEeN,Hot Hits UK,chill
Flip A Switch.,RAYE,252ZECHopILLs10pMfE76N,Hot Hits UK,party
Oh Baby (feat. bshp & Issey Cross),Nathan Dawe,2F0dCzhF9W1tcXwXu99m28,Hot Hits UK,party
live more & love more,Cat Burns,1Oj4FgVngNgBTvd0a9nI2k,Hot Hits UK,chill
Eat Your Young,Hozier,2Jw3VjB1xy5KHBqEeAC6VK,Hot Hits UK,chill
2 Be Loved (Am I Ready),Lizzo,2rmwqU7yzTvzkiaRV53DpT,Hot Hits UK,party
TRUSTFALL,P!nk,4FWbsd91QSvgr1dSWwW51e,Hot Hits UK,party
Never Felt So Alone,Labrinth,2NbsBSshscKIPRG3kwBbfo,Hot Hits UK,chill
Fly Girl (feat. Missy Elliott),FLO,2sITbbWIOeg2Lwp4WN2jqr,Hot Hits UK,party
Out Of Nowhere,Bugzy Malone,220n79cLlh2NwvlIEEKpKt,Hot Hits UK,party
Snooze,SZA,4iZ4pt7kvcaH6Yo8UoZ4s2,Hot Hits UK,sad
Energy,Digga D,1ubY35d8LtYvMHsgPo8pMc,Hot Hits UK,chill
Make Me,Borai & Denham Audio,6RaaQvkGUe8Je8yAkdwQNm,Hot Hits UK,party
Cupid - Twin Ver.,FIFTY FIFTY,7FbrGaHYVDmfr7KoLIZnQ7,Hot Hits UK,chill
Die For You (with Ariana Grande) - Remix,The Weeknd,4JNdwEfqwFRiAeEISC8RU8,Hot Hits UK,sad
CUFF IT,Beyoncé,1xzi1Jcr7mEi9K2RfzLOqS,Hot Hits UK,party
Relax My Eyes,ANOTR,5u4hhtZ7f4rWkMZEZcTKrH,Hot Hits UK,party
Mother,Meghan Trainor,69ZzhvHnSSnzMO8SMYEJWb,Hot Hits UK,party
Here With Me,d4vd,78Sw5GDo6AlGwTwanjXbGh,Hot Hits UK,chill
J'adore,Strandz,1ZiBudnpvQfopaxd8bbDLD,Hot Hits UK,chill
All Of The Girls You Loved Before,Taylor Swift,4P9Q0GojKVXpRTJCaL3kyy,Hot Hits UK,chill
Unholy (feat. Kim Petras),Sam Smith,3nqQXoyQOWXiESFLlDF1hG,Hot Hits UK,party
Pointless,Lewis Capaldi,4JBiO7wRnE6ueszEUpo347,Hot Hits UK,sad
labour,Paris Paloma,2Ggr9IfS70wYQacW8nZKPG,Hot Hits UK,chill
Until I Found You (with Em Beihold) - Em Beihold Version,Stephen Sanchez,1Y3LN4zO1Edc2EluIoSPJN,Hot Hits UK,chill
22,JayO,1QxTmNDHFmgaxgAolqqgAD,Hot Hits UK,chill
I'll Be Waiting,Cian Ducrot,0JIhRhZPF5j5dx0FGqTWxy,Hot Hits UK,chill
Made You Look,Meghan Trainor,0QHEIqNKsMoOY5urbzN48u,Hot Hits UK,party
Rhyme Dust,MK,5mKiwDDrwG22qKKVL6JZqF,Hot Hits UK,party
Just Wanna Rock,Lil Uzi Vert,4FyesJzVpA39hbYvcseO2d,Hot Hits UK,chill
REACT,Switch Disco,1UPHCP5YeVfele4DMbdGyi,Massive Dance Hits,party
Baby Don't Hurt Me,David Guetta,3BKD1PwArikchz2Zrlp1qi,Massive Dance Hits,party
Giving Me,Jazzy,1ACFweuuvf6MHtptObgreR,Massive Dance Hits,chill
Miracle (with Ellie Goulding),Calvin Harris,5eTaQYBE1yrActixMAeLcZ,Massive Dance Hits,chill
Make Me,Borai & Denham Audio,6RaaQvkGUe8Je8yAkdwQNm,Massive Dance Hits,party
Voodoo,Gorgon City,3JsH3qnwhYGs20PBMsCgNx,Massive Dance Hits,party
Whistle (feat. Calum Scott),Jax Jones,4q05KbxYZ5JdkmrletgPjF,Massive Dance Hits,party
Rhyme Dust,MK,5mKiwDDrwG22qKKVL6JZqF,Massive Dance Hits,party
gutter,venbee,1Th5zTsBnM0cudrHfvE8Qt,Massive Dance Hits,party
Chills (LA Hills),Tiësto,2N5cFPLy0TIasTWkfT1hri,Massive Dance Hits,party
Where Do We Go (feat. Poppy Baskcomb),Dimension,3ho2d1iFlzRwsCBQJ4QNGv,Massive Dance Hits,chill
Oh Baby (feat. bshp & Issey Cross),Nathan Dawe,2F0dCzhF9W1tcXwXu99m28,Massive Dance Hits,party
Baby again..,Fred again..,4zlbKky2yA657Sk5rekZoR,Massive Dance Hits,party
Never Miss A Beat,KIMMIC,1VJLgFrfKrckuOb0DrvcQn,Massive Dance Hits,party
Do U Want Me Baby? (feat. Elphi),Joel Corry,392tWI7KlzCkP2bmAOOqzS,Massive Dance Hits,party
Vibration (One More Time) (feat. AR/CO),Sub Focus,2t3iFlsIkaoV7GmVC2ptuM,Massive Dance Hits,chill
Dancing is Healing,Rudimental,5gqu7rZE6fTFwbN2metxv4,Massive Dance Hits,party
Oh My (feat. Moby),Luude,0c6XBVz2evmzERhch4Diew,Massive Dance Hits,sad
Paradise,Kings Of The Rollers,6EsnKHa5lVI409LXu3PkR6,Massive Dance Hits,chill
Feels This Good,Sigala,1TytykMo9zFzNdRbqTxfep,Massive Dance Hits,party
Give It To Me - Full Vocal Mix,Matt Sassari,5ZduaRci3iNUiDfJbBfAaf,Massive Dance Hits,party
Jam Inside Your Love (feat. Carla Monroe),Sam Green,1xFrwpp4li4MFpMr9KpTEK,Massive Dance Hits,chill
So Much In Love,D.O.D,7DnI3ktF2vcmzKuCCKseQL,Massive Dance Hits,party
I See Colors,Disco Lines,6CfcDeHk4tzSmkd97HRvM3,Massive Dance Hits,party
Sugar (feat. Soaky Siren),Riton,6OHQzBYaXeF6FVu8gxLMkE,Massive Dance Hits,party
Sunrise Bang Ur Head Against Tha Wall,Nia Archives,3tZKrJ0EznJE4e5cn41Dfz,Massive Dance Hits,chill
Relax My Eyes,ANOTR,5u4hhtZ7f4rWkMZEZcTKrH,Massive Dance Hits,party
Enjoy Your Life,Romy,0yM2YvOGR3cBIoWBeFdtmS,Massive Dance Hits,party
Set Me Free,D.O.D,5zA3gMIFlgnhNQj39GcTqE,Massive Dance Hits,party
Bel Mercy,Jengi,7udjTmsTZqdB1xLOHGJ8dM,Massive Dance Hits,party
Better Love,Eliza Rose,1UTHkifQMS6znmSx2Svobk,Massive Dance Hits,party
Out Of Nowhere,Bugzy Malone,220n79cLlh2NwvlIEEKpKt,Massive Dance Hits,party
Shadow (feat. MORGAN),Sonny Fodera,4P4653vortdXtcHf4iXWW7,Massive Dance Hits,party
What You Say?,Young Marco,22quZFeltYbo325rn3ktTe,Massive Dance Hits,party
Mike (desert island duvet),Fred again..,6cqcmtaxNL7YCKKsuYAPJo,Massive Dance Hits,chill
Shades Of Love (feat. The Joy),The Blessed Madonna,28pQcTJag5xFasUq2fw9PK,Massive Dance Hits,party
16 Again,Paul Woolford,3qrTracLJmTz2XaJDkSiEN,Massive Dance Hits,party
Killing Me,Aluna,01cAvCmXqqHEnKzaQXkhzN,Massive Dance Hits,party
Be The One,Hannah Laing,63MBVrJ8nADdP4AXbBGlOj,Massive Dance Hits,chill
No Sleep,Regard,7uJFTdBaXuc1618uRuq7uB,Massive Dance Hits,party
Moving All Around (Jumpin') (feat. Kim English),Schak,3rN9iG9QDHFQfBdbym2uel,Massive Dance Hits,party
Lionheart (Fearless),Joel Corry,5vlzH0ps6WDyb158oFTAb3,Massive Dance Hits,party
Wait For It,salute,6YjVrP2g7gJYh3aXkgnspC,Massive Dance Hits,party
Clouds,BUNT.,2lWc1iJlz2NVcStV5fbtPG,Massive Dance Hits,chill
Phoneline,Pola & Bryson,5nCNItjhTUj7MqL3oFHmFc,Massive Dance Hits,party
All Nighter,Tiësto,7bqg7RANz4RaboN0Ga1Miq,Massive Dance Hits,party
Colourblind,Jess Bays,1ZNaOGKAZKaZh7V87zDs1i,Massive Dance Hits,party
Rumble,Skrillex,1GfBLbAhZUWdseuDqhocmn,Massive Dance Hits,chill
Radio,Sigala,3FN3jsZTdt5sU6NRcIgUKK,Massive Dance Hits,party
Where You Are,John Summit,4qDpLaFGf5ampf2DXD2TMA,Massive Dance Hits,party
Downers - Rework,goddard.,3ZHw4fR70ep2fjqa14RcBi,Massive Dance Hits,chill
Party President,Silky,0rEUglmFNvBAtg0w3mo3CS,Massive Dance Hits,party
Weekends,Jonas Blue,3JlHRjPt2TNB9h7VFf0im2,Massive Dance Hits,chill
Gold,Alcemist,1c2aEprxW446Ht7ni3ESqL,Massive Dance Hits,party
JOY (God Only Knows),Joy Anonymous,2gTF3yPxvDpW2EAYbOVeIt,Massive Dance Hits,party
Serotonin Moonbeams,The Blessed Madonna,0hJfuyUwtEYMlGgvr3nzz9,Massive Dance Hits,party
Circle Back Around,Jayda G,222xHxHw2MXwNX2qRFO6cB,Massive Dance Hits,chill
RATATA,Skrillex,3YVeaqhSFth8QAL45wO19L,Massive Dance Hits,party
Maria Maria,TECH IT DEEP,4wP6mzWZC94dYmU6OYeljf,Massive Dance Hits,party
Fake ID (Coke & Rum Remix),Riton,7cnS0EPwBnP9ZIdGOAOY7c,Massive Dance Hits,party
Sweat,Majestic,37Ik0Rvl2cptEffURjIls9,Massive Dance Hits,party
Is U,Overmono,4Z3RGx7Be5plLoIw7i83wX,Massive Dance Hits,chill
Lay Low,Tiësto,0zKbDrEXKpnExhGQRe9dxt,Massive Dance Hits,party
COULD BE WRONG,LOSTBOYJAY,5zuex7tbGFz0gSHlrMvQdu,Massive Dance Hits,party
It's Your Time,Bklava,3Q6T8sRZWec7A4U48jL9Wa,Massive Dance Hits,party
Oops,Oliver Heldens,7fdGGQpQQxwDhgurhKDWVL,Massive Dance Hits,party
Break My Heart,Rudimental,1PGirMzvw36N1ftzTKprpr,Massive Dance Hits,chill
Work It (feat. DJ Deeon),Dance System,5TrE7Acr1wFjZFZSpxSrFw,Massive Dance Hits,party
Double Fantasy (with Future),The Weeknd,4VMRsbfZzd3SfQtaJ1Wpwi,Today's Top Hits,chill
Chemical,Post Malone,5w40ZYhbBMAlHYNDaVJIUu,Today's Top Hits,sad
Flowers,Miley Cyrus,0yLdNVWF3Srea0uzk55zFn,Today's Top Hits,party
Calm Down (with Selena Gomez),Rema,0WtM2NBVQNNJLh6scP13H8,Today's Top Hits,party
Boy's a liar Pt. 2,PinkPantheress,6AQbmUe0Qwf5PZnt4HmTXv,Today's Top Hits,party
Kill Bill (feat. Doja Cat),SZA,0CrcwVLUe8wzLUIXgjXVZJ,Today's Top Hits,chill
Players,Coi Leray,6UN73IYd0hZxLi8wFPMQij,Today's Top Hits,party
Escapism.,RAYE,5mHdCZtVyb4DcJw8799hZp,Today's Top Hits,chill
Daylight,David Kushner,1odExI7RdWc4BT515LTAwj,Today's Top Hits,chill
Never Felt So Alone,Labrinth,2NbsBSshscKIPRG3kwBbfo,Today's Top Hits,chill
Die For You - Remix,The Weeknd,7oDd86yk8itslrA9HRP2ki,Today's Top Hits,sad
Anti-Hero,Taylor Swift,0V3wPSX9ygBnCm8psDIegu,Today's Top Hits,chill
As It Was,Harry Styles,4LRPiXqCikLlN15c3yImP7,Today's Top Hits,chill
People,Libianca,26b3oVLrRUaaybJulow9kz,Today's Top Hits,chill
BESO,ROSALÍA,609E1JCInJncactoMmkDon,Today's Top Hits,chill
Creepin' (with The Weeknd & 21 Savage),Metro Boomin,2dHHgzDwk4BJdRwy9uXhTO,Today's Top Hits,chill
Search & Rescue,Drake,7aRCf5cLOFN1U7kvtChY1G,Today's Top Hits,party
Eyes Closed,Ed Sheeran,07bsRv0pcpbG4zJeLsUs1p,Today's Top Hits,chill
golden hour,JVKE,5odlY52u43F5BjByhxg7wg,Today's Top Hits,chill
Miracle (with Ellie Goulding),Calvin Harris,5eTaQYBE1yrActixMAeLcZ,Today's Top Hits,chill
Until I Found You (with Em Beihold) - Em Beihold Version,Stephen Sanchez,1Y3LN4zO1Edc2EluIoSPJN,Today's Top Hits,chill
ceilings,Lizzy McAlpine,2L9N0zZnd37dwF0clgxMGI,Today's Top Hits,chill
Snooze,SZA,4iZ4pt7kvcaH6Yo8UoZ4s2,Today's Top Hits,sad
I Ain't Worried,OneRepublic,4h9wh7iOZ0GGn8QVp4RAOB,Today's Top Hits,party
Here With Me,d4vd,78Sw5GDo6AlGwTwanjXbGh,Today's Top Hits,chill
CUFF IT,Beyoncé,1xzi1Jcr7mEi9K2RfzLOqS,Today's Top Hits,party
OMG,NewJeans,65FftemJ1DbbZ45DUfHJXE,Today's Top Hits,party
Cupid - Twin Ver.,FIFTY FIFTY,7FbrGaHYVDmfr7KoLIZnQ7,Today's Top Hits,chill
Unholy (feat. Kim Petras),Sam Smith,3nqQXoyQOWXiESFLlDF1hG,Today's Top Hits,party
I'm Good (Blue),David Guetta,4uUG5RXrOk84mYEfFvj3cK,Today's Top Hits,party
Just Wanna Rock,Lil Uzi Vert,4FyesJzVpA39hbYvcseO2d,Today's Top Hits,chill
Moonlight,Kali Uchis,2i2gDpKKWjvnRTOZRhaPh2,Today's Top Hits,party
Made You Look,Meghan Trainor,0QHEIqNKsMoOY5urbzN48u,Today's Top Hits,party
10:35,Tiësto,6BePGk3eCan4FqaW2X8Qy3,Today's Top Hits,party
Bones,Imagine Dragons,0HqZX76SFLDz2aW8aiqi7G,Today's Top Hits,party
un x100to,Grupo Frontera,6pD0ufEQq0xdHSsRbg9LBK,Today's Top Hits,chill
If We Ever Broke Up,Mae Stephens,6maTPqynTmrkWIralgGaoP,Today's Top Hits,party
Nonsense,Sabrina Carpenter,6dgUya35uo964z7GZXM07g,Today's Top Hits,party
Last Night,Morgan Wallen,59uQI0PADDKeE6UZDTJEe8,Today's Top Hits,chill
Bad Habit,Steve Lacy,5CM4UuQ9Gnd6K2YyKGPMoK,Today's Top Hits,chill
LET GO,Central Cee,3zkyus0njMCL6phZmNNEeN,Today's Top Hits,chill
Princess Diana (with Nicki Minaj),Ice Spice,0ZxhtATQ0a6EvQNZ0z6NKV,Today's Top Hits,party
I Like You (A Happier Song) (with Doja Cat),Post Malone,0O6u0VJ46W86TxN9wgyqDj,Today's Top Hits,party
La Bebe - Remix,Yng Lvcas,2UW7JaomAMuX9pZrjVpHAU,Today's Top Hits,party
VOID,Melanie Martinez,6KqOVYU3af2wsqxh1iO1lx,Today's Top Hits,chill
Lavender Haze,Taylor Swift,5jQI2r1RdgtuT8S3iG8zFC,Today's Top Hits,chill
Something in the Orange,Zach Bryan,3WMj8moIAXJhHsyLaqIIHI,Today's Top Hits,chill
Ella Baila Sola,Eslabon Armado,3dnP0JxCgygwQH9Gm7q7nb,Today's Top Hits,party
Heaven,Niall Horan,1yHVHoz6Ny29gbbWJYVnFt,Today's Top Hits,chill
FLOWER,JISOO,69CrOS7vEHIrhC2ILyEi0s,Today's Top Hits,chill
Be The One (with Khalid),Bree Runway,4jMbQ5H6KaSRPRCBuNnW16,New Music Friday UK,chill
Boat,Ed Sheeran,55tN1esXmaKoCnAyBTXast,New Music Friday UK,chill
Double Fantasy (with Future),The Weeknd,4VMRsbfZzd3SfQtaJ1Wpwi,New Music Friday UK,chill
Blades,Arlo Parks,11xCgS8k2RSzgngwkOqJV6,New Music Friday UK,chill
Rescued,Foo Fighters,6mgzUNNr3NY6NbTzNzwYq9,New Music Friday UK,sad
Dancing is Healing,Rudimental,5gqu7rZE6fTFwbN2metxv4,New Music Friday UK,party
Tony Soprano 2,Nines,5ynt5y5eAcCc1Kpl9u4MMt,New Music Friday UK,party
Alone (with Nicki Minaj),Kim Petras,7kOletJ0Q5H4MWe7cfeZXP,New Music Friday UK,chill
Chills (LA Hills),Tiësto,2N5cFPLy0TIasTWkfT1hri,New Music Friday UK,party
Brat,Delilah Bon,6RBoDti7RDKjA3HQadiLDy,New Music Friday UK,party
Up & Down,The Chainsmokers,2R7xKsStJ9hNeZKoD9W5Nv,New Music Friday UK,party
Mermaids,Florence + The Machine,1rZsn9K890Goymfl7YIdgY,New Music Friday UK,chill
So Much In Love,D.O.D,7DnI3ktF2vcmzKuCCKseQL,New Music Friday UK,party
Praising You (feat. Fatboy Slim),Rita Ora,6jSvgAwRVrJIP0VYz5L2J8,New Music Friday UK,party
Couldn’t Make It Up,Ben Howard,7s59X5LAdm9G2HUV7k62DS,New Music Friday UK,chill
Satellite,Bebe Rexha,0DK6lGJisrNaLkiK6cjDaw,New Music Friday UK,party
Council Skies,Noel Gallagher's High Flying Birds,1KDR3iKY185DjEREnzYhgU,New Music Friday UK,sad
Flip A Switch. (feat. Coi Leray) - Remix,RAYE,72b7GzsnUAjsk5I56hLkjp,New Music Friday UK,party
WHERE DOES YOUR SPIRIT GO?,The Kid LAROI,63XetbuuKLMyjIaVdZtFP1,New Music Friday UK,chill
Nothing Matters,The Last Dinner Party,3p84R45PM75ngq8XRoe45o,New Music Friday UK,party
Trumpet,Olamide,3BwAHuQhZyL4tOkf36DuQv,New Music Friday UK,party
Beggin',Chris Lake,74nEGIzIefJhJ5qX7NeIAz,New Music Friday UK,party
Sad to Breathe,The Japanese House,1NtoOI83OIXz4NXPj2VaKV,New Music Friday UK,chill
A Kiss for the Whole World x,Enter Shikari,1LAuVHMWdVkdbNmSVXWw2K,New Music Friday UK,party
All Of Me (Do For Love),Blinkie,2fzqWz8fV05O1RA6PfHFYc,New Music Friday UK,party
True love (feat. 070 Shake),Christine and the Queens,6PdUV3DjQAT4Hk9Hz7UNZ5,New Music Friday UK,chill
start again,iann dior,3pkacg4CSnP4i0K907SODj,New Music Friday UK,chill
Your Mind,CamelPhat,4zDG66t4CS5gD2WLq4K9JK,New Music Friday UK,chill
Haegeum,Agust D,4bjN59DRXFRxBE1g5ne6B1,New Music Friday UK,party
Whatever's Inconvenient,CMAT,20edSD8oKowIhOuLy2N8Jj,New Music Friday UK,chill
Never Look Back,Tom Gregory,3K3bZDkHev8R7Clcqs2u8M,New Music Friday UK,party
Mother,George FitzGerald,0GAr2dDEqEXqlhQzvyZTsK,New Music Friday UK,chill
Glue Song (feat. Clairo),beabadoobee,0tMMPZEt6Gyrl9FI8zSicm,New Music Friday UK,chill
SCAR,Song bird,3q29n7RqZ4lRzfnKzIqDZy,New Music Friday UK,chill
Show Me Your Love,Georgia Ku,30WEh8dNeviYsooX96SpaS,New Music Friday UK,party
High Life,Bloc Party,4CQG6hPIFLbliWJpxHKmZH,New Music Friday UK,party
un x100to,Grupo Frontera,6pD0ufEQq0xdHSsRbg9LBK,New Music Friday UK,chill
Troubled Son,Miles Kane,1NuOxTkp5SwxkT1K3yqcpm,New Music Friday UK,party
DYWTYLM,Sleep Token,4hjJtKO5SdpfVRwP4FZeKI,New Music Friday UK,chill
Bodies,Lucy Spraggan,4lMQAiybyLUeGokkeDgCxX,New Music Friday UK,chill
The Jungle,Bandokay,6bpsyayAnCZoPTjGt9Ifhw,New Music Friday UK,sad
Better Love,needanamebro,5Tfei3YpA30gHiEq2cfRFk,New Music Friday UK,chill
No One Knows We’re Dancing,Everything But The Girl,4dSgscw3VbAMGE7E7mx8kL,New Music Friday UK,chill
American Nightmare,Belly,0kyZKb0LRPwfYprxGiqaV5,New Music Friday UK,party
Fine Day,Sub Focus,7GAU8ZBz8oplZB8mXl7eHm,New Music Friday UK,chill
Pablo,Jaish,4lZbcP9P8cdCEateza6GKl,New Music Friday UK,party
One That Got Away,MUNA,55RszydvrfNlZ2BQdF1c4q,New Music Friday UK,party
JOY (404),Joy Anonymous,0tw9UWpHoJCSesaoE4912U,New Music Friday UK,party
Casamigos (Pour It In My Cup),Afro B,7fWAkDxvge8DEUUV0wob75,New Music Friday UK,party
Sweat,ESSEL,5Ly2w3jKYFvHbOv6Jf4HNM,New Music Friday UK,party
can we change the subject?,re6ce,2Ogq99MVLM7DaxzIymjE26,New Music Friday UK,party
Heartbreaker,Birdy,6ul0hMmJH9d9vAIIkt4MFT,New Music Friday UK,party
Work Hard Play Hard,Big Narstie,0m9emzzhYFf4SJKkhkf2I6,New Music Friday UK,chill
20200817 Proud True Toyota,Mac DeMarco,4OeO5Xc50TRVG3ofaxM1rn,New Music Friday UK,chill
Love Harder,Kae Tempest,75SdBZ5qaZVWxHhaHHldw5,New Music Friday UK,party
L.F.O.,SBTRKT,09s0LZjI9zgBvXRNNA6j7K,New Music Friday UK,chill
SILVER TOOTH. (with A$AP Ferg),Armani White,7fhcDui4AKQydfFoXILsso,New Music Friday UK,party
Star Potential,Sody,7s6V4GDUXWABQwkyHo3CQA,New Music Friday UK,chill
Don't Let Me Down,Gus Dapperton,181PmaC6c39r59gfhDGKdh,New Music Friday UK,chill
Twilight,As Everything Unfolds,3JPwUS8LRA6nBiukvMBb9a,New Music Friday UK,party
Way Up,Javeon,2398MESeCtzwLjjjJGIFl3,New Music Friday UK,party
The Dumb Song,AJR,5udkv8BEG1sAN5ZtR6CAzv,New Music Friday UK,party
Fever,Lewis Thompson,3D3fw7H4zK3S6prSBncAkt,New Music Friday UK,party
Let Them Know,Wande Coal,6FLxB7ot3KZwjr0Zew8L7p,New Music Friday UK,party
Golden,Barns Courtney,0woKDRMZzsFWeHppNQnGlS,New Music Friday UK,party
Nanny Riddim,Juls,3bGjIIBA2av8gLd96NtT9E,New Music Friday UK,party
Killer,Lizzie Esau,1j1vwLJRvEgsfI8mgKg1p7,New Music Friday UK,party
All I Need,LP Giobbi,54DstnlyeCz0Zb2HDtBJaq,New Music Friday UK,chill
DESIRE,NOISY,3uX2pHEVOthQ63a1IaNwBr,New Music Friday UK,party
Follow The Dark,Eli & Fur,3KiO6COi4F8INOuXU5Q1Wc,New Music Friday UK,chill
All I Own,Laidback Luke,50ePFYXFGh5AszAs7TJ3Sj,New Music Friday UK,party
The Beginning,Kenzo Str8Drop,6f68XKuHHZiNvVvELaEizA,New Music Friday UK,party
Lost in the Sunshine,Sophie Ellis-Bextor,0u9YXWDzC7Iq9pLaJrEEJm,New Music Friday UK,party
Elevator,Girlhood,0Is2tnxZ7c7tnsrXCdBZZO,New Music Friday UK,party
Falling To Pieces,The Pigeon Detectives,1GZYdwOMPKjBiJcfZuYc7i,New Music Friday UK,sad
Baked Cheesecake,Æ MAK,2f9blujS4WOKvmQ50k2TqU,New Music Friday UK,party
That's Money,Songer,2DklZOenvD23m4sq7OZzS1,New Music Friday UK,party
oh no,Amie Blu,0KmbgOVIr3jFMKO9Zp7qlU,New Music Friday UK,party
Rules (Are Meant to Break),League of Legends,0rZiFIOOnem9NmdzFEJBmR,New Music Friday UK,party
Favourite Song,Hybrid Minds,2peMinuscyEaeXBegogvPy,New Music Friday UK,sad
Until The Morning,Kwaku Asante,2mI4R8Mafb3y6I1gytvkDe,New Music Friday UK,chill
Oportunista,Calva Louise,5j6GKJumEweQIpE91QZcby,New Music Friday UK,party
in my city,New West,0KeVjEtPP78JWOsmP7KtVm,New Music Friday UK,chill
No Time (feat. Jack Peñate),Django Django,6Bgsu7Wc90sme8EfplwtxU,New Music Friday UK,party
Girl Next Door,Tessellated,5tmwk5sBCr1HPHZSzcVxup,New Music Friday UK,chill
Well I Hope Ur Happy,Hannah Grae,0BAwN4aylbMlgX10Gaaw8o,New Music Friday UK,chill
Time Flies,Asher Kosher,0L2xAfZ8dG0UbXZNd6eUgf,New Music Friday UK,chill
Here,Taite Imogen,3YXt0GUNgOA6bZnhCqWFe3,New Music Friday UK,chill
Never Dance Again,Kelli-Leigh,1F1z4H6hVC4wXSsPZKm8hV,New Music Friday UK,party
Orbit,Dream Wife,5szx7r9yarz9Duw9F0NT6w,New Music Friday UK,party
Home Comforts,Alfie Indra,4kUbWBBGKlTEDo37fdYo7t,New Music Friday UK,chill
Little Girl Gone,CHINCHILLA,5OLcsBO28uWHMzS0EEeZNp,New Music Friday UK,party
Survivor,Morrisson,386GQN58ij82H7lJ847vof,New Music Friday UK,party
Twist Forever,Jacana People,5836gKVpkK56OO6358MBfZ,New Music Friday UK,chill
Hula Hoop,Sara James,1d1Rtd6vEphJviMVOizL9h,New Music Friday UK,party
MEDITATE,Suté Iwar,3luCfdUPwws6omTEmIUKXX,New Music Friday UK,sad
You Don't Wanna - Edit,Meg Ward,3QI4gySbDipbJw12pdKLxw,New Music Friday UK,chill
Damn,Jerome Thomas,4DV342x7moUswqcVzD8ekZ,New Music Friday UK,party
I Don't Know Why,Declan Welsh and The Decadent West,4QZnHo3KY5tytiSqsUSeM2,New Music Friday UK,party
Search & Rescue,Drake,7aRCf5cLOFN1U7kvtChY1G,RapCaviar,party
SLUT ME OUT,NLE Choppa,5BmB3OaQyYXCqRyN8iR2Yi,RapCaviar,party
Trance (with Travis Scott & Young Thug),Metro Boomin,5wG3HvLhF6Y5KTGlK0IW3J,RapCaviar,sad
06 Gucci (feat. DaBaby & 21 Savage),Gucci Mane,4mWbFYZ9P14Ulf1LIFZGhH,RapCaviar,party
Watch This - ARIZONATEARS Pluggnb Remix,Lil Uzi Vert,0FA4wrjDJvJTTU8AepZTup,RapCaviar,party
Motion God,Moneybagg Yo,75ZoVrZ4mXEsDxv1bQbEAS,RapCaviar,party
Low Down,Lil Baby,5m0yZ33oOy0yYBtdTXuxQe,RapCaviar,party
Private Landing (feat. Justin Bieber & Future),Don Toliver,52NGJPcLUzQq5w7uv4e5gf,RapCaviar,party
Spin Bout U,Drake,2ZL7WZcjuYKi1KUDtp4kCC,RapCaviar,party
Still Not a Player (feat. Joe) - Radio Version,Big Pun,3GKL13lkM5nRc4zC1lIOrR,RapCaviar,party
Forever (feat. Fridayy),Lil Baby,1T4k0sw0HldDg004Kw4Oct,RapCaviar,chill
I'm Geekin,DDG,4jQF77FelHaw2u1CB0sIfp,RapCaviar,sad
Greatness,Quavo,2eN0rxTtgxKkmVCNgizayr,RapCaviar,party
Fact (feat. Lil Uzi Vert),Ghostluvme,5ht9obvnnWeW4eoRtPAoQD,RapCaviar,party
Princess Diana (with Nicki Minaj),Ice Spice,0ZxhtATQ0a6EvQNZ0z6NKV,RapCaviar,party
FreakyT (feat. Latto) - Remix,TiaCorine,451acSEXA7pfbMKXoC6vJX,RapCaviar,chill
Superhero (Heroes & Villains) [with Future & Chris Brown],Metro Boomin,0vjeOZ3Ft5jvAi9SBFJm1j,RapCaviar,party
Embarrassed (feat. Travis Scott),Don Toliver,6w9GrSUaQQIaMBYtabge7p,RapCaviar,chill
I Remember (feat. Roddy Ricch & Kodak Black),Internet Money,7qAwnjc2qPbpK1gB4VRwXW,RapCaviar,party
PAINTING PICTURES,Superstar Pride,7oLKoGzQVwjZ91AzCn560T,RapCaviar,chill
GEEKALEEK (feat. Cash Kidd),OHGEESY,2f9JzwRy6Ofr5ixvN0ojKt,RapCaviar,party
Put It On Da Floor,Latto,1HYfsZnq3EXwK7SV8tYPoT,RapCaviar,party
Blackout,Joyner Lucas,0B0Xu2ih8fWpcwyxAt1c7m,RapCaviar,party
No Time Wasted (feat. Future),Polo G,4MUlNqSrMeFAHA6VpJKMo8,RapCaviar,party
Players,Coi Leray,6UN73IYd0hZxLi8wFPMQij,RapCaviar,party
In Ha Mood,Ice Spice,0yUaLqhsVsguBpoOPL4cO7,RapCaviar,party
23,NLE Choppa,0T0vseuNB4KC8opkrCLNbc,RapCaviar,party
Mississippi Slide,Rae Sremmurd,4tiKQGqkoVmvshWNFDvFxG,RapCaviar,party
Andale,DJ Drama,4EgZqNfwsDJ1HvvSMEXypp,RapCaviar,party
Niagara Falls (Foot or 2) [with Travis Scott & 21 Savage],Metro Boomin,4WuOWVnAqvEQxgSRrspBgt,RapCaviar,sad
Dirt,Key Glock,1iQxvF3AQ7Bs3RTBuXqZOA,RapCaviar,party
WTF (feat. Nicki Minaj),YoungBoy Never Broke Again,35NkPKSmtu6lCht95nukpr,RapCaviar,party
Fight The Feeling,Rod Wave,7l6nGz4gp6HGs5Cvmdeqe4,RapCaviar,sad
Honey Bun,Quavo,0oWL7FTlaA1YtsRRuiF4Xs,RapCaviar,party
Hot Boy (feat. Lil Baby),Nardo Wick,31yydnZnSeCwkRPY7tlgQJ,RapCaviar,party
Red Ruby Da Sleeze,Nicki Minaj,4ZYAU4A2YBtlNdqOUtc7T2,RapCaviar,party
Grown Man,Marshmello,5VKG8ary0JW6iKemhmznzS,RapCaviar,party
I'M THAT BITCH,BIA,39uEuUEWsAZtozSQRPlf62,RapCaviar,party
Kant Nobody (feat. DMX),Lil Wayne,2ehLKvUsJq3EUAPpvT5GOM,RapCaviar,party
Shmunk (feat. YoungBoy Never Broke Again),Yeat,2fpTRcMLt4aKlqULOwuXUP,RapCaviar,party
Back Flippin,Luh Tyler,72UidoFGPPqJduJn9YAyYk,RapCaviar,chill
Strike (Holster),Lil Yachty,7iTTWHbr4tAlsRJN4m4bay,RapCaviar,party
Favorite Song,Toosii,1SRw5p2lVAi7RGlHEmZg66,RapCaviar,chill
Hot Sauce,Fivio Foreign,0Mtk1CAT9lAISJjvBY8CbT,RapCaviar,party
4EVA (feat. Pharrell Williams),KAYTRAMINÉ,3CblJq8QQQ0bb7vwJu8c3v,RapCaviar,party
No Love For A Thug,Kodak Black,2IyD3ugrNb0LIV4x2RyHIP,RapCaviar,chill
Sorry I'm Not Sorry,P Money,4WxHWaW8cMpaJ3X8KlExkx,Grime Shutdown,party
Cammy Riddim Freestyle,Manga Saint Hilare,5PnDeF4vqOl5rEisx4JPTR,Grime Shutdown,party
Streets of Rage,Tempa,1tTJgYvbI8x5ez0689qsUL,Grime Shutdown,party
Trenches,Duke & Jones,6s4T0UEJs5kX6EsEjvfXpw,Grime Shutdown,party
It's Me Again,Mitch,2XutfOCkb8BWSAgVBaedRE,Grime Shutdown,party
Red Card,Frisco,4zHdTLSXjN9Om2HT6f9dTM,Grime Shutdown,party
Eyes on Me,Skepta,17yRlMLWjrw82aWpJItT9A,Grime Shutdown,party
My Genna,Grim Sickers,3Kcbg43tlcNt8N0vIDayve,Grime Shutdown,chill
VEX,slowthai,0l6D20UUxbOemPoaGneKK6,Grime Shutdown,party
Man Know,Manga Saint Hilare,08ethh0KUcRzvm3OS9nePQ,Grime Shutdown,party
Hurdy Gurdy,Big Narstie,7GH67OAu6ng75GGCUaSgGh,Grime Shutdown,party
I Set the Bar,Cadell,6ODiET0t5W6yWANpXf8qcx,Grime Shutdown,party
Sleepless Nights,Frisco,7xxekz2l6IJQkoWBYCPcxT,Grime Shutdown,party
Don't Be Dumb,Dizzee Rascal,77bDkxiH9316mW6JGYNoon,Grime Shutdown,party
Cammy Riddim Freestyle,Blay Vision,1L6ZvIrNlBiFDaElEM3WdU,Grime Shutdown,party
Stuttering,P Money,0250N0i7iejMeIKvXOsT5M,Grime Shutdown,party
Knock Your Block Off,Jme,69B4JVH2U2atBaGXc8OoQA,Grime Shutdown,party
Grime Gala,Subten,4glwYZUvQDsAJEWfeVTTLa,Grime Shutdown,party
Sick,Zeo,1raS74YRbaMXynbV3mD7CS,Grime Shutdown,party
IC3 (feat. Skepta) - Single Version,Ghetts,0BMszcKwCrUDHZX3CEEj6L,Grime Shutdown,sad
Quest For Coin II,Ezra Collective,6SfoGYDuS67WmwU9HCEpL0,Grime Shutdown,party
Matrix Nokia,Silencer,3uSIZTKQYmUs70EWTwkCzO,Grime Shutdown,party
This Year,P Money,5XGGP9WDvBAXlyf7r3g3Tu,Grime Shutdown,party
Black,dutchavelli,3PfZ5k91tflSkuOKP2IOk7,Grime Shutdown,party
Don,D Double E,2IpgY875kETOlXmmIhp8hj,Grime Shutdown,party
Teachers Pets,Meridian Dan,5HAluJDwIe8r1Zt6ud1tFe,Grime Shutdown,party
Fire and Brimstone,Ghetts,2lyDT6B5SciPljZUBrNJCu,Grime Shutdown,party
Only One King,Dizzee Rascal,4Wq7oaaCrcUVcZ7cyrKoXb,Grime Shutdown,party
The Trials & Tribulations of C.E.O,Chiedu Oraka,486RqKUdFOFNeRjfaC6Uf8,Grime Shutdown,party
Enough is Enough (feat. Lethal Bizzle & Jme),BackRoad Gee,3XgTa8asRKSxNOjUJKXwCj,Grime Shutdown,party
Chop (Henry the 8th),Jaykae,4sHecHRP0Ir1uB3740figh,Grime Shutdown,party
Levelz 2 Dis,MPH,5oc1xuj7vUuoVX53SP6neY,Grime Shutdown,party
Never Invited [Mellow Mix],KwolleM,2aqCm6NgvyjX9bkeXM5vO8,Grime Shutdown,party
Vision,Genesis Elijah,2GCCsigV4jpXwnE5mpCs5p,Grime Shutdown,party
Is Someone There?,P Money,1QZIOORhLEuR9EaPPv6Ux7,Grime Shutdown,party
Very Original,Guvna B,5qbzWsGFJ6zLDTim11yaLa,Grime Shutdown,party
Déjà vu,D Power Diesle,66fpQz5RRHOzRLxU7I1j4g,Grime Shutdown,chill
Variation,Big Zuu,7mO3Z8L3iWzXD4CcWla4nS,Grime Shutdown,party
Jme's Pattern,Jme,0MScFULzqw1TMzYqwDF9SM,Grime Shutdown,party
Come From,Flowdan,7dmlWyfECfsgQ9OFTVPejU,Grime Shutdown,chill
Practice Hours,Lethal Bizzle,2FNTTRzgtuNa8enntR4ed8,Grime Shutdown,party
Boxing Bars - Remix,Eyez,059Ozkj9yMN1vHl8Za7u84,Grime Shutdown,party
PROPER,Snowy,2j6jgbIAMXMDAFVdTXC5rp,Grime Shutdown,party
Ain't the Same,Jammer,6oz38aJXDWYpIPTtSilYYE,Grime Shutdown,party
Offline,Big Zuu,1Jg9pMvUl9ltxJboGol7jI,Grime Shutdown,party
Baitest Sound,Capo Lee,4kUwWsJaBHbw4PPgY3Yc4c,Grime Shutdown,party
Man in Meridian,Jme,2kr904XjBkf3RivRwXZxc0,Grime Shutdown,sad
Joe Pesci,Meridian Dan,56yZtjgHz1DQLQhcMhhHET,Grime Shutdown,party
Gridlock,Eyez,3P2hQR4co5NaqnbHuX2eJo,Grime Shutdown,party
Bout Dis,Treble Clef,0W2DfGz6T8nq7j9QLxksDx,Grime Shutdown,party
Built This City,Jammer,3ZmuVItqDKeF5kFKzutmtn,Grime Shutdown,party
Safe N Sound,Kamakaze,4U69PPfjElDD721ptDKP1m,Grime Shutdown,party
Serious 2020,Against All Odds,2U9g1MRlCzXLUL0LhRkYyl,Grime Shutdown,party
Be Careful,sbk,25YJ4iw9X6OEIzctszaGB4,Grime Shutdown,party
Megazord,Mayhem NODB,2V529vFkZRVIWBnklvs8Er,Grime Shutdown,sad
Banging Like a 45,Flowdan,4z2ykwvDMnBcruS6uIibo6,Grime Shutdown,sad
Don't Sleep,Nick Brewer,7vJrXwaewbnv93z5h1Sjvo,Grime Shutdown,party
Frisco's Pattern,Frisco,5tMrhoLH1HwcWKZaOKT33G,Grime Shutdown,sad
Dumping Again,Manga Saint Hilare,6bWVnf258N4eOn1NcOZFhs,Grime Shutdown,party
Bruce Wayne,Suspect OTB,316fCLEpkEZKqaeaXIKwNf,Grime Shutdown,party
Car Bars,Eyez,6QGQjFvpFeGrHLslKKgcAP,Grime Shutdown,party
Beast Mode,D.Tail,18SzRv5V3kIVMDtsHiLQnQ,Grime Shutdown,party
On Them,Tinchy Stryder,3QzPBfR37x3imFsiwBb8OZ,Grime Shutdown,party
Mirrorman (Face Myself),Manga Saint Hilare,6htxx4Njv0TEILYR85qCb5,Grime Shutdown,chill
Back on Smoke,Footsie,05veVlexxRBQslZSFIak3E,Grime Shutdown,party
Country Bars,Eyez,6Ili2nj6S2wqkVka77EiLU,Grime Shutdown,sad
Bongo,Mez,0etdWLl7RNJclZq28dY02I,Grime Shutdown,party
Sezzin,Snowy,2nAh4L1Hcrjpw9xqinWTjA,Grime Shutdown,chill
Grinding Away,D Double E,16TH6cEXzRpLcZQSC1BIpl,Grime Shutdown,party
THE ANTHEM,J Man_wv,3KUymGuQtU6O46WNgy68gc,Grime Shutdown,chill
Levels,namesbliss,735ygF8cN388FC1TjjuSDP,Grime Shutdown,party
Slice of the Pie,Shay D,484PQkrz1cx6S5AlPzpjkT,Grime Shutdown,party
OWT,Manga Saint Hilare,50wv4MKpiOVlTlVHnTDdOZ,Grime Shutdown,party
SKR,Merky ACE,1HyfQyAbqE7AmlA8LX17A0,Grime Shutdown,party
On Sight,sbk,3mB8V8lzAvSHEE3orw41F1,Grime Shutdown,party
Dark Place,BackRoad Gee,6y9kBTORlnSmlGQuWDnfgw,Grime Shutdown,party
Spin A Man,Zdot,2pb5IM5gRtwcTx8UVJ8R2M,Grime Shutdown,chill
Get Dark - Silas Remix,Low End Activist,4TLKAvASUpIAh5mxPBZPeO,Grime Shutdown,chill
Happy Belated,Crafty 893,4o2m8oHMdQENi3rN8mrk8s,Grime Shutdown,chill
Last Man Standing,Trillary Banks,77LsuMlSF5GzvxOZ6avewo,Grime Shutdown,party
Fly Girl (feat. Missy Elliott),FLO,2sITbbWIOeg2Lwp4WN2jqr,Are & Be,party
Snooze,SZA,4iZ4pt7kvcaH6Yo8UoZ4s2,Are & Be,sad
JACKIE BROWN,Brent Faiyaz,2IlT65thKQQw248mhk2PjQ,Are & Be,chill
Sure Thing,Miguel,0JXXNGljqupsJaZsgSbMZV,Are & Be,party
ICU,Coco Jones,58cMDjQSUdWJUgFmHxRhjt,Are & Be,chill
We Might Even Be Falling In Love (Duet) - Spotify Singles,Victoria Monét,0wOtc2nY3NOohp4xSwOyTN,Are & Be,chill
This Is,Ella Mai,2zuDMKJ2rSgCMtJknUJBZ9,Are & Be,chill
Waste My Time,Ari Lennox,6Vt2v8xwxcGqAOcTKlBeWo,Are & Be,chill
Try Me,Jorja Smith,3htVhQPsTXWAkAXYRkfRSz,Are & Be,sad
Unstoppable,Daniel Caesar,57OHEGx7h74VFZw1jx37cg,Are & Be,chill
I'm Baby (ft. Jvck James),Ambré,2rZQC2Hwy4sClylYHg2MXI,Are & Be,chill
CUFF IT - WETTER REMIX,Beyoncé,7eQpbVg3tjHmtdOlAHxaTr,Are & Be,sad
How Does It Feel,Chlöe,0ixyLzNaPr7G2Fu5ETgssB,Are & Be,sad
Crash & Burn,Leon Thomas,7JOtjhuqqUIvPNAhaeE5Qu,Are & Be,chill
Kill Bill (feat. Doja Cat),SZA,0CrcwVLUe8wzLUIXgjXVZJ,Are & Be,chill
Smoke (feat. Lucky Daye),Victoria Monét,3unpulZnIiKRZ4MCymHfXx,Are & Be,sad
What You Wanna Try,Masego,526fD9LiAEi3KKvhhYfWmm,Are & Be,party
Disillusioned (with serpentwithfeet),Daniel Caesar,4Jj48NypRej8Rld9U69Nvm,Are & Be,party
So Be It (with Summer Walker) - Remix,Alex Vaughn,2IkJZzXP6fg0A7WOpp1xAE,Are & Be,party
Jealous (with Ella Mai),Kiana Ledé,2HXzOhKhZ46k5cLBPTlfuJ,Are & Be,chill
Temporary (feat. Don Toliver),6LACK,0bTiLwSo2xmhA6BcCXTOkx,Are & Be,chill
People (feat. Ayra Starr & Omah Lay),Libianca,4AxG1T6UJJ4xCX4Wz6JDLG,Are & Be,chill
calm & patient,Jhené Aiko,5FxKXIwFBKb2eWSwJ523sp,Are & Be,chill
Terms and Conditions,Mahalia,3vv2KJC3vaWPXXF5Ba7biE,Are & Be,sad
Say You Want Me - Single Version,Masego,1xTYy3K3hiTcoZfoD7culn,Are & Be,party
Where I Go (feat. H.E.R.),NxWorries,3MlQPB0wJuopo3NTZGlMpI,Are & Be,chill
Do You Like Me?,Daniel Caesar,6phkEy1YzAK1JWZWgwC36v,Are & Be,chill
2 Sugar (feat. Ayra Starr),Wizkid,1DA2ADZs6O28y2rmdmpekw,Are & Be,party
I Don't Mind,Chlöe,0BKP9mcDJOnIz3GHm07wP5,Are & Be,party
Love Language,SZA,1eIXYZWEfJO3Na2LCCnIJE,Are & Be,chill
Die For You - Remix,The Weeknd,7oDd86yk8itslrA9HRP2ki,Are & Be,sad
Deserve Me (with Summer Walker),Kali Uchis,0vQffWKfl0JyRqtdoZINEM,Are & Be,sad
Tell Me It's Over (feat. Summer Walker & 6LACK),Jacquees,47ssddfj7Ug6hO9Ol2AXGu,Are & Be,sad
Demon Time (with Ari Lennox) - Remix,Alex Vaughn,4It2tsHgHW7gdEDCh0Jfo8,Are & Be,sad
Let Me Go,Daniel Caesar,4AwJSk491AvHk2AAJReGzZ,Are & Be,chill
Breaking Point,Leon Thomas,2Eg5fW5yInLRGszS4s9eN6,Are & Be,chill
Stories In Motion (with Wale),6LACK,6gvhqnL1MUehL9g5mp1A0I,Are & Be,chill
white rice déjà vu,Musiq Soulchild,4knVIbR3KouTZI1R26W3yy,Are & Be,party
I Wish you Roses,Kali Uchis,6BQrmjAgPfPTwILoFEK3Hd,Are & Be,chill
Used To Me (feat. Ty Dolla $ign),Mario,1muiS9jrDUTADqIE7yKuYV,Are & Be,chill
What It Is (Solo Version),Doechii,73RbfOTJIjHzi2pcVHjeHM,Are & Be,party
Do You Mind,Vedo,1TsBBWmsUuLz9mOjNXQ3Mf,Are & Be,party
GLU,Usher,2G5zNimfDzfcAtbHtEKzTu,Are & Be,party
Shadows (with Kehlani),Dreamville,2iPnYQRutwTQopudwgkIfm,Are & Be,chill
Until The End Of Time - Spotify Singles,Coco Jones,0XdwIG7p28SeTam3DVdMX6,Are & Be,sad
Curious (feat. Fabolous),Eric Bellinger,3ED40EjXiD4plW6UMteKGx,Are & Be,party
Feature Me,FLO,1CcorUngVSo7k2GX8GLB53,Are & Be,chill
Like Her Too,Mario,2prgEUNls0vlOlZoDzTw5m,Are & Be,chill
Mad Riches,Sonder,0vA6Nhloi5UX2jmqX5Tvk9,Are & Be,chill
DO 4 LOVE,Snoh Aalegra,3FImu2LpSuH6gDHBuFgIbS,Are & Be,chill
Beggin',Chris Lake,74nEGIzIefJhJ5qX7NeIAz,mint,party
Baby Don't Hurt Me,David Guetta,3BKD1PwArikchz2Zrlp1qi,mint,party
Upside Down (feat. Poppy Baskcomb),MEDUZA,2UDycsru4dEa1UFmyIvKYU,mint,chill
Chills (LA Hills),Tiësto,2N5cFPLy0TIasTWkfT1hri,mint,party
On & On,Armin van Buuren,19bua05ITWjFrk9iGxOA7r,mint,party
Where You Are,John Summit,4qDpLaFGf5ampf2DXD2TMA,mint,party
Explore Your Future,Anyma,5SfcsMI2nJhdZpmwCcNEGf,mint,party
Miracle (with Ellie Goulding),Calvin Harris,5eTaQYBE1yrActixMAeLcZ,mint,chill
Clouds,BUNT.,2lWc1iJlz2NVcStV5fbtPG,mint,chill
Crying On The Dancefloor,Sam Feldt,09rAJ1Q1NNJSaUKEW3X9P6,mint,party
Bright Lights (feat. AR/CO),Kx5,7hz4FnANJOY7tR8eutPxIP,mint,party
RATATA,Skrillex,4wteGC0HtLeZWjDcczc4Pw,mint,party
Caught A Body (feat. Ty Dolla $ign),Alesso,4JvJj733DNy6nuVcC1NzCq,mint,party
Enjoy Your Life,Romy,0yM2YvOGR3cBIoWBeFdtmS,mint,party
Killing Me,Aluna,01cAvCmXqqHEnKzaQXkhzN,mint,party
Sorry (with Madonna),BLOND:ISH,5dW0cgZ9uV1W3PXtuTS5uP,mint,chill
Baby again..,Fred again..,4zlbKky2yA657Sk5rekZoR,mint,party
Everything You Have Done - Meduza Edit,GENESI,5ooCfBqZyTB5CTdu1x7S77,mint,party
Gimme That Bounce,Mau P,7jURkEKDVEm9sHueqUX0ko,mint,party
Rhyme Dust,MK,5mKiwDDrwG22qKKVL6JZqF,mint,party
Dreams,Gryffin,4oe1guqHjDMCYoQguWlNDg,mint,party
A Milli - SIDEPIECE Remix,Lil Wayne,7nDxeN6NDc7v3v774IXiC5,mint,party
U Ok?,PARISI,7eHBDsqfqOMyzMhtnhytNB,mint,party
We Are The People - southstar Remix,Empire of the Sun,3vLMN02wGnPBdjRVvewedS,mint,chill
Dancing is Healing,Rudimental,5gqu7rZE6fTFwbN2metxv4,mint,party
If Love Is A Skill,LP Giobbi,4w5uos4sTvjQeg8ofXtBm8,mint,chill
Eternity,Anyma,4XzeThE3txvCBIrP40tj85,mint,party
Reflection,Enrico Sangiuliano,67dg2dYPGza76ZEnp7k00d,mint,party
Ego Death,Azzecca,68vou4lxyWNaaODWxNeVeE,mint,chill
DIE LIEBE KOMMT NICHT AUS BERLIN,Brutalismus 3000,3bYEYuHHiX1TmdLUiWykIc,mint,chill
Better Love,Eliza Rose,1UTHkifQMS6znmSx2Svobk,mint,party
REACT,Switch Disco,1UPHCP5YeVfele4DMbdGyi,mint,party
Substitution,Purple Disco Machine,2F2p7b5Xq20mRyEeWYaeUF,mint,party
Can’t Fight The Feeling,Matroda,1T7fTFxkosqEF8AZzDvm6I,mint,party
Food for the Soul,it's murph,7u0fz3V6cYeYTX91DMmIvQ,mint,chill
Push To Start (feat. No/Me),Noizu,6t4VHEcJ7Kek9pgGHlDp6R,mint,party
Voodoo,Gorgon City,3JsH3qnwhYGs20PBMsCgNx,mint,party
Tina,Vintage Culture,22MfEGdH3Noyx9GfyZWpFz,mint,party
Sex & The City - MK Remix,HoneyLuv,3DtxjODCIa3IsMYlIpmbWt,mint,party
Be The One,Eli Brown,1cQld05IcUDw3RCFt7uymW,mint,party
Marianela (Que Pasa),HUGEL,5bZjb7xKqLqa58QiUBcVvl,mint,party
Candle Flame,Jungle,0LdAEUc7gyEY6xIG9y3lLM,mint,chill
I See Colors,Disco Lines,6CfcDeHk4tzSmkd97HRvM3,mint,party
Relax My Eyes,ANOTR,5u4hhtZ7f4rWkMZEZcTKrH,mint,party
What You Say?,Young Marco,22quZFeltYbo325rn3ktTe,mint,party
I Know,Kanii,2RkMSIqUdveO3p8KVpYBYI,mint,chill
Push Up - Original Mix,Creeds,43OMUa5jouGCZEz9k9vooo,mint,party
gutter,venbee,1Th5zTsBnM0cudrHfvE8Qt,mint,party
Whistle (feat. Calum Scott),Jax Jones,4q05KbxYZ5JdkmrletgPjF,mint,party
Giving Me,Jazzy,1ACFweuuvf6MHtptObgreR,mint,chill
Ke Shy,Major Lazer,71X7xhERhWY7k4I2ST3A1F,mint,chill
Shades Of Love (feat. The Joy),The Blessed Madonna,28pQcTJag5xFasUq2fw9PK,mint,party
Make Me,Borai & Denham Audio,6RaaQvkGUe8Je8yAkdwQNm,mint,party
Point Of No Return,Adam Port,6PzfuuQ95fRU9JRFSFFq77,mint,chill
Blue Lights,Jayda G,1HaFNaN0DEaKCOrQ7AIpxx,mint,party
Is U,Overmono,4Z3RGx7Be5plLoIw7i83wX,mint,chill
Beyond the Fire,Don Diablo,45Q6hkvGtzW0VUybDnQ4n8,mint,chill
Oh Laura,SG Lewis,2Lq7rOLcBBTvBa86k1YTW0,mint,party
Different Side,Michael Bibi,76Lq3l4TEzt2javAjXezAr,mint,party
Want It All (feat. Evalyn),Jai Wolf,32IMgcVhysYW12NRvMLp8c,mint,party
Mexico,Dimitri Vegas & Like Mike,6yTaG6eJDi6T0VSawfMTQy,mint,party
Luv Me A Little,ILLENIUM,1SFA5zEVOsLhEg7ynbvQFT,mint,chill
Sunrise Bang Ur Head Against Tha Wall,Nia Archives,3tZKrJ0EznJE4e5cn41Dfz,mint,chill
Rumble,Skrillex,1GfBLbAhZUWdseuDqhocmn,mint,chill
Concorde,Miss Monique,1QWj9NYh8ZcSugtyBhSIea,mint,chill
Beyond Us - Hatshepsut Version,Eynka,43eF4GLcpQkzJElhw7kGUj,mint,chill
All Nighter,Tiësto,7bqg7RANz4RaboN0Ga1Miq,mint,party
Rewind.. (But I Love You),WHIPPED CREAM,2v5lLKdZG0PsXGWfvigk55,mint,chill
Wait For It,salute,6YjVrP2g7gJYh3aXkgnspC,mint,party
Kamili,Francis Mercier,5JEaCJCehAtt1nQf0gd9Dx,mint,party
All My Friends,Channel Tres,7Cgxt0jumHS0Z5B9xmStnS,mint,party
Inhale / Exhale (with Sabrina Claudio),Austin Millz,4jhznF9z7jv08LIAtSZTnu,mint,chill
MADLY,The Blaze,7Eg6WudP6Qp7JzqldA2ZTH,mint,chill
Weekends,Jonas Blue,3JlHRjPt2TNB9h7VFf0im2,mint,chill
V I B R A T I O N,Kaleena Zanders,2t3FV5IpL1uWeMjt7vOomW,mint,party
Pantheon,Argy,2fY9O2PpELY5hubBbC2zEG,mint,chill
Rescued,Foo Fighters,6mgzUNNr3NY6NbTzNzwYq9,Rock This,sad
Meeting The Master,Greta Van Fleet,6RuNa2kdO6HFq7QznOfl7C,Rock This,chill
Lost,Linkin Park,3RQHAFkEHiFHQ7qmMpKRdv,Rock This,chill
Ghosts Again,Depeche Mode,3TiVl5igD6Z5Pw6R5sp8YV,Rock This,chill
GOSSIP (feat. Tom Morello),Måneskin,44Xyja7xYPlVC6v2CeweSi,Rock This,party
Emergency Contact,Pierce The Veil,5xJlzQiPLYkvlqkRPKzBwD,Rock This,party
ALL CAPS (feat. John the Ghost),Weathers,2N9j5SNc6cQMYpUeyXYlBV,Rock This,party
Love From The Other Side - Edit,Fall Out Boy,7Gm1XwQL5q72SX76nxuXtW,Rock This,sad
PANIC,YONAKA,3L4MAUb1N2dsAludyS8ra8,Rock This,chill
Drones,grandson,5QNWATWEQiM9S7rsFUu0Ns,Rock This,party
War,Story Of The Year,1ED1SD4TRK5NprtJ837Eaa,Rock This,party
Welcome to the DCC,Nothing But Thieves,0ZImVxesVZIydOnwTMSWOK,Rock This,party
Love Will Get You There,Inhaler,4ycaDB5s90BpUyaS5nZwcI,Rock This,sad
Call Me What You Like,Lovejoy,21rYCEejlfM0LYRlfzxGeM,Rock This,party
BRAINWASHED,Waterparks,5rt1XJbhuC5NRqmdKMDscI,Rock This,party
Kool,Meet Me @ The Altar,5j8B7LSCepVPnwUrNB4pXt,Rock This,chill
Friends With Benefits,jxdn,3cubovyBMABNcWzSdbzMTP,Rock This,chill
Calm Down,All Time Low,72zjYe2aysOkIR7l6KQIhR,Rock This,sad
Running Out Of Time,Paramore,5NRtdsFFlmyE8qDMgS08PE,Rock This,chill
Hollywood Baby,100 gecs,48ElaQLYuOaybqagIlPxpU,Rock This,party
Told You So,The Band CAMINO,0xfMFT9G8Ekk7CEYtVabIm,Rock This,sad
Ice Cold,Highly Suspect,5VwNXyLRoIDJ2E2XW1pLVW,Rock This,party
Blood In The Water,Ayron Jones,36h5JAbSei6u5AcZJji05T,Rock This,chill
In My Head,Mike Shinoda,3ryXl6OFAr9fzUpIjAnHIY,Rock This,party
GODDESS,PVRIS,2Yyf3awGJQnm70qSVoA9In,Rock This,party
Heartbreak Of The Century,Neck Deep,6X39BP7h0IGcDFnf0PHHOb,Rock This,party
Left Behind,The Plot In You,5G6jZFDAFlpAA9v5LTV4NI,Rock This,sad
Just Pretend,Bad Omens,1H4Y9uW4N0LsxJUz0VnaPJ,Rock This,sad
Another Celebration at the End of the World,Mammoth WVH,4k6NV1b3icM8BRCkT57oPV,Rock This,sad
72 Seasons,Metallica,4poeu6nUr4UQo1RXpp29Js,Rock This,sad
Jesus He Knows Me,Ghost,1zd8h6ho3mlbhkZnADHVzP,Rock This,sad
The Summoning,Sleep Token,1yCE0X5qLWOrLkR8NC0ZUJ,Rock This,chill
Without Me,Dayseeker,2g8vTn8mz96VWCSc9RCucZ,Rock This,chill
Play My Favourite Song,Tigercub,4uBs8miGwBykRYjrbAO5kV,Rock This,party
Golden,Barns Courtney,0woKDRMZzsFWeHppNQnGlS,Rock This,party
Lose You (feat. Soccer Mommy),Bully,0KmC4jFH8axcJqKvOTBXeX,Rock This,sad
Pages,White Reaper,2B9sTgrTUR2Cg9o8e1GT9w,Rock This,sad
Bang Bang,Momma,1FE3y5rW4l9I7prqRLnLi4,Rock This,chill
Do It Faster,Militarie Gun,3ZTvrQhqEqHvYThM5CV6WE,Rock This,party
Hooves,Sir Chloe,3ywsOYMTPzAOgS9q0rI1Pg,Rock This,party
curious/furious,WILLOW,2OdRGWLkvSccWOrYFlbIFF,Rock This,party
Hate.,ThxSoMch,2XynYulas10Wmef4Gqrxw9,Rock This,party
POS,Sueco,2dGj0K0iIrgb3ie1QSLtSL,Rock This,chill
Shelter (feat. Avril Lavigne),MOD SUN,62pC4mgtn2CwTxEHVbCCvn,Rock This,party
Love Abuser (Save Me),Royal & the Serpent,1ePGHhSQ9jkLrB21899YOa,Rock This,party
Crying In The Shower,Letdown.,30TqgnUsww4JzR2V8Ert9b,Rock This,sad
Six Feet Under,Charlotte Sands,2Q9pJ2YJOB6jENpyqqkqZf,Rock This,party
FREAK (Feat. jxdn),Beauty School Dropout,59QtD84KONsWuBFL7bwQrP,Rock This,party
everybody hates me,GAYLE,4vSgdsddL3qTemKDkscyjd,Rock This,party
Savior Mode,Balance And Composure,0G6fFMKdbf7fI3S1gLHSRK,Rock This,party
Over For You,Morgan Evans,3RF00zOzrrWKKoU7aIBaTS,Hot Country,chill
Dancin’ In The Country,Tyler Hubbard,2KtGiBi5CrX2ERPD2PAS34,Hot Country,party
Girl In Mine,Parmalee,2DPqR0kuZVjrOF5oxIRYPy,Hot Country,chill
Every Night Every Morning,Maddie & Tae,4qbibbQ1yK0rPl0JUJS0bz,Hot Country,sad
Memory Lane,Old Dominion,5kB6WithhB8Iv08EMNmAbt,Hot Country,party
Out Of That Truck,Carrie Underwood,1xdsRkWxWWUkKhh9hRtfYp,Hot Country,chill
Standing Room Only,Tim McGraw,6BOP0cv1eeXcvi1oE8bDVZ,Hot Country,sad
Last Night,Morgan Wallen,59uQI0PADDKeE6UZDTJEe8,Hot Country,chill
running back,Ashley Cooke,1EYSzrOCc5qrDAu06iu2Px,Hot Country,chill
Love You Anyway,Luke Combs,3qXsX3mYSsD1DmAvc3PE3N,Hot Country,sad
Stars Like Confetti,Dustin Lynch,5wtPc1OQ7g1H8FBkwWqbhh,Hot Country,party
Next Thing You Know,Jordan Davis,2lNTHWu2I5Tcz9ukWsV5Jj,Hot Country,chill
Tennessee Orange,Megan Moroney,3fl4zil6HJ0N1FL3YIRwdC,Hot Country,chill
Creek Will Rise,Conner Smith,5owS9iWWGd6mDlFjUFzBsw,Hot Country,party
Handle On You,Parker McCollum,6Qpfsw8OS5HW5XxgmXYLWS,Hot Country,party
Mountain With A View,Kelsea Ballerini,2fBvSCdG3lDjImqJvnYtvq,Hot Country,chill
Giving Up On That,Dalton Dover,2Iu5OBDudGv5B0qfKKKbGm,Hot Country,party
Hurt No More,CHASE WRIGHT,5UDX3jJn9vXGxE5h0sNRCy,Hot Country,party
Love You a Little Bit,Tanner Adell,0isqpzdmr2hsKb50uBSCdo,Hot Country,party
Brown Eyes Baby,Keith Urban,5JLf54f83nJrxD4IhFaLl7,Hot Country,chill
Lucky,Elle King,6DE1vkPkMn2I77360IBb8t,Hot Country,party
Dig,Ian Munsick,3GTsEcu7HyKyQiGHNdIl6K,Hot Country,party
God Gave Me A Girl,Russell Dickerson,7kkLBfxW41iVO0cdLU9e9S,Hot Country,party
Over Now,Kameron Marlowe,2JxBHISFV4ISAE8VMngqWS,Hot Country,party
Feel Like This,Ingrid Andress,4QWXSTeUHFzU0INh7SNqSU,Hot Country,sad
Angels (Don’t Always Have Wings),Thomas Rhett,5vZoQQ1hH5L2s4Y8G86ksg,Hot Country,chill
One Day Tonight,Noah Thompson,45MQs7EiPglAvyYg9fkjzA,Hot Country,chill
Human,Cody Johnson,5AihIu9yF3flkw1jFMyfwW,Hot Country,chill
I'll Be Lovin' You,Miranda Lambert,1io22Thmgw4SvhVBNawJD5,Hot Country,chill
Your Heart Or Mine,Jon Pardi,7ETjhPaIU4UmHOiimJBZz9,Hot Country,sad
Watermelon Moonshine,Lainey Wilson,6KaKmX6EIu3x2057HoZwQF,Hot Country,chill
Up There Down Here,Jake Owen,1116cRlf1zVJXVI2fUUwFD,Hot Country,party
If He Wanted To He Would,Kylie Morgan,3nei8eHEdiwwSfyoOCHPZI,Hot Country,chill
Rock and A Hard Place,Bailey Zimmerman,4686eQ81DEswHa90bcdlC9,Hot Country,chill
Need A Favor,Jelly Roll,5jUOG0aeAofL5u3UWyrtDO,Hot Country,sad
Drive You Out Of My Mind,Kassi Ashton,0iqr64c8WWYb549HKs8sqD,Hot Country,party
Somethin' Bout You,Mickey Guyton,2hsarLx1u2OgOmkcJ8ejBm,Hot Country,chill
Gold,Dierks Bentley,4iy69rTUn8cAY8Q8q9vfOw,Hot Country,party
For What It’s Worth (feat. Alana Springsteen),BRELAND,5b4n4Lp2ZAPDGO9nQM5IHR,Hot Country,chill
Fast Car,Luke Combs,1Lo0QY9cvc8sUB2vnIOxDT,Hot Country,chill
Bury Me in Georgia - Single Edit,Kane Brown,2mltIbKkhQqyh8gCzaqxqA,Hot Country,party
Y'all Life,Walker Hayes,1KHCFA1Wb1MYQi4WQIYqrm,Hot Country,party
wait in the truck (feat. Lainey Wilson),HARDY,7trjNYF5ek7zX4GKSHQZbP,Hot Country,chill
It Matters To Her,Scotty McCreery,4aSRUXfKuBbmje0eXNukuL,Hot Country,sad
A Special Place,Danielle Bradbery,1xk2TQgJNtH3FErgICPgmb,Hot Country,sad
Looking for You,Chris Young,67IfTiMwPNN0wQE7Scfzu9,Hot Country,party
IF YOU GO DOWN (I'M GOIN' DOWN TOO),Kelsea Ballerini,1jX9wlAgVkAl0fCZqkCI73,Hot Country,party
Wreckage,Nate Smith,33hQJTNI0T2FHVtku3smJf,Hot Country,chill
Drinkaby,Cole Swindell,3lg4wfPFpFLapRp2SiQQGd,Hot Country,party
Daylight,David Kushner,1odExI7RdWc4BT515LTAwj,Top 50 - United Kingdom,chill
Miracle (with Ellie Goulding),Calvin Harris,5eTaQYBE1yrActixMAeLcZ,Top 50 - United Kingdom,chill
Wish You The Best,Lewis Capaldi,3W5KHP0Yr56ejVDns9vci3,Top 50 - United Kingdom,chill
Boy's a liar Pt. 2,PinkPantheress,6AQbmUe0Qwf5PZnt4HmTXv,Top 50 - United Kingdom,party
Flowers,Miley Cyrus,4DHcnVTT87F0zZhRPYmZ3B,Top 50 - United Kingdom,party
Kill Bill,SZA,1Qrg8KqiBpW07V7PNxwwwL,Top 50 - United Kingdom,chill
People,Libianca,26b3oVLrRUaaybJulow9kz,Top 50 - United Kingdom,chill
Escapism.,RAYE,5mHdCZtVyb4DcJw8799hZp,Top 50 - United Kingdom,chill
Anti-Hero,Taylor Swift,0V3wPSX9ygBnCm8psDIegu,Top 50 - United Kingdom,chill
ceilings,Lizzy McAlpine,2L9N0zZnd37dwF0clgxMGI,Top 50 - United Kingdom,chill
Search & Rescue,Drake,7aRCf5cLOFN1U7kvtChY1G,Top 50 - United Kingdom,party
Calm Down (with Selena Gomez),Rema,0WtM2NBVQNNJLh6scP13H8,Top 50 - United Kingdom,party
As It Was,Harry Styles,4Dvkj6JhhA12EX05fT7y2e,Top 50 - United Kingdom,chill
Eyes Closed,Ed Sheeran,4hy7qTxsnyZUZoqo5RtaYq,Top 50 - United Kingdom,chill
Creepin' (with The Weeknd & 21 Savage),Metro Boomin,2dHHgzDwk4BJdRwy9uXhTO,Top 50 - United Kingdom,chill
Sure Thing,Miguel,0JXXNGljqupsJaZsgSbMZV,Top 50 - United Kingdom,party
Chemical,Post Malone,5TOgxgZrIZzvaKg9r2bvc2,Top 50 - United Kingdom,sad
Forget Me,Lewis Capaldi,5uSFGgIfHMT3osrAd9n9ym,Top 50 - United Kingdom,sad
If We Ever Broke Up,Mae Stephens,6maTPqynTmrkWIralgGaoP,Top 50 - United Kingdom,party
Cupid - Twin Ver.,FIFTY FIFTY,7FbrGaHYVDmfr7KoLIZnQ7,Top 50 - United Kingdom,chill
Tony Soprano 2,Nines,5ynt5y5eAcCc1Kpl9u4MMt,Top 50 - United Kingdom,party
I'm Good (Blue),David Guetta,4uUG5RXrOk84mYEfFvj3cK,Top 50 - United Kingdom,party
Players,Coi Leray,6UN73IYd0hZxLi8wFPMQij,Top 50 - United Kingdom,party
Double Fantasy (with Future),The Weeknd,4VMRsbfZzd3SfQtaJ1Wpwi,Top 50 - United Kingdom,chill
Hell N Back,Bakar,0rVJ6v23RQozOIvr1YotJP,Top 50 - United Kingdom,chill
Another Love,Tom Odell,7jtQIBanIiJOMS6RyCx6jZ,Top 50 - United Kingdom,chill
REACT,Switch Disco,1UPHCP5YeVfele4DMbdGyi,Top 50 - United Kingdom,party
I Ain't Worried,OneRepublic,4fYte8ZvTK14NEhAOZocBi,Top 50 - United Kingdom,party
Mr. Brightside,The Killers,003vvx7Niy0yvhvHt4a68B,Top 50 - United Kingdom,sad
Someone You Loved,Lewis Capaldi,7qEHsqek33rTcFNT9PFqLf,Top 50 - United Kingdom,chill
Die For You (with Ariana Grande) - Remix,The Weeknd,4W4fNrZYkobj539TOWsLO2,Top 50 - United Kingdom,sad
10:35,Tiësto,36gcliMRX1vCpgnrZE3dFZ,Top 50 - United Kingdom,party
Riptide,Vance Joy,7yq4Qj7cqayVTp3FF9CWbm,Top 50 - United Kingdom,chill
Last Night,Morgan Wallen,7K3BhSpAxZBznislvUMVtn,Top 50 - United Kingdom,chill
messy in heaven,venbee,5RobAV5ROH5KARimi7n3cO,Top 50 - United Kingdom,party
Viva La Vida,Coldplay,1mea3bSkSGXuIRvnydlB5b,Top 50 - United Kingdom,chill
Twust,HStikkytokky,5q3ch1Q32fKbKzdqOsi9Ij,Top 50 - United Kingdom,party
Die For You,The Weeknd,2LBqCSwhJGcFQeTHMVGwy3,Top 50 - United Kingdom,chill
Baby Don't Hurt Me,David Guetta,3BKD1PwArikchz2Zrlp1qi,Top 50 - United Kingdom,party
No Role Modelz,J. Cole,68Dni7IE4VyPkTOH9mRWHr,Top 50 - United Kingdom,sad
golden hour,JVKE,5odlY52u43F5BjByhxg7wg,Top 50 - United Kingdom,chill
Sweater Weather,The Neighbourhood,2QjOHCTQ1Jl3zawyYOpxh6,Top 50 - United Kingdom,chill
Starboy,The Weeknd,7MXVkk9YMctZqd1Srtv4MB,Top 50 - United Kingdom,party
I Wanna Be Yours,Arctic Monkeys,5XeFesFbtLpXzIVDNQP22n,Top 50 - United Kingdom,chill
Snooze,SZA,4iZ4pt7kvcaH6Yo8UoZ4s2,Top 50 - United Kingdom,sad
Never Felt So Alone,Labrinth,2NbsBSshscKIPRG3kwBbfo,Top 50 - United Kingdom,chill
Everybody Wants To Rule The World,Tears For Fears,4RvWPyQ5RL0ao9LPZeSouE,Top 50 - United Kingdom,chill
Why'd You Only Call Me When You're High?,Arctic Monkeys,086myS9r57YsLbJpU0TgK9,Top 50 - United Kingdom,chill
Heaven,Niall Horan,1yHVHoz6Ny29gbbWJYVnFt,Top 50 - United Kingdom,chill
Ella Baila Sola,Eslabon Armado,3dnP0JxCgygwQH9Gm7q7nb,Top 50 - Global,party
un x100to,Grupo Frontera,6pD0ufEQq0xdHSsRbg9LBK,Top 50 - Global,chill
La Bebe - Remix,Yng Lvcas,2UW7JaomAMuX9pZrjVpHAU,Top 50 - Global,party
Daylight,David Kushner,1odExI7RdWc4BT515LTAwj,Top 50 - Global,chill
Flowers,Miley Cyrus,4DHcnVTT87F0zZhRPYmZ3B,Top 50 - Global,party
Cupid - Twin Ver.,FIFTY FIFTY,7FbrGaHYVDmfr7KoLIZnQ7,Top 50 - Global,chill
Kill Bill,SZA,1Qrg8KqiBpW07V7PNxwwwL,Top 50 - Global,chill
TQG,KAROL G,0DWdj2oZMBFSzRsi2Cvfzf,Top 50 - Global,party
Classy 101,Feid,6XSqqQIy7Lm7SnwxS4NrGx,Top 50 - Global,party
As It Was,Harry Styles,4Dvkj6JhhA12EX05fT7y2e,Top 50 - Global,chill
BESO,ROSALÍA,609E1JCInJncactoMmkDon,Top 50 - Global,chill
Creepin' (with The Weeknd & 21 Savage),Metro Boomin,2dHHgzDwk4BJdRwy9uXhTO,Top 50 - Global,chill
Die For You (with Ariana Grande) - Remix,The Weeknd,4W4fNrZYkobj539TOWsLO2,Top 50 - Global,sad
PRC,Peso Pluma,2mpoNBkngUEwnaKoBhZ0vl,Top 50 - Global,party
Boy's a liar Pt. 2,PinkPantheress,6AQbmUe0Qwf5PZnt4HmTXv,Top 50 - Global,party
Calm Down (with Selena Gomez),Rema,0WtM2NBVQNNJLh6scP13H8,Top 50 - Global,party
Yandel 150,Yandel,4FAKtPVycI4DxoOHC01YqD,Top 50 - Global,party
AMG,Natanael Cano,1lRtH4FszTrwwlK5gTSbXO,Top 50 - Global,party
Double Fantasy (with Future),The Weeknd,4VMRsbfZzd3SfQtaJ1Wpwi,Top 50 - Global,chill
El Azul,Junior H,1haJsMtoBhHfvuM7XWuT3W,Top 50 - Global,party
Die For You,The Weeknd,2LBqCSwhJGcFQeTHMVGwy3,Top 50 - Global,chill
Anti-Hero,Taylor Swift,0V3wPSX9ygBnCm8psDIegu,Top 50 - Global,chill
Haegeum,Agust D,4bjN59DRXFRxBE1g5ne6B1,Top 50 - Global,party
Last Night,Morgan Wallen,7K3BhSpAxZBznislvUMVtn,Top 50 - Global,chill
I'm Good (Blue),David Guetta,4uUG5RXrOk84mYEfFvj3cK,Top 50 - Global,party
Starboy,The Weeknd,7MXVkk9YMctZqd1Srtv4MB,Top 50 - Global,party
I Wanna Be Yours,Arctic Monkeys,5XeFesFbtLpXzIVDNQP22n,Top 50 - Global,chill
Here With Me,d4vd,78Sw5GDo6AlGwTwanjXbGh,Top 50 - Global,chill
Unholy (feat. Kim Petras),Sam Smith,0NZPBYD5qbEWRs3PrGiRkT,Top 50 - Global,party
golden hour,JVKE,5odlY52u43F5BjByhxg7wg,Top 50 - Global,chill
Search & Rescue,Drake,7aRCf5cLOFN1U7kvtChY1G,Top 50 - Global,party
Another Love,Tom Odell,7jtQIBanIiJOMS6RyCx6jZ,Top 50 - Global,chill
Por las Noches,Peso Pluma,2VzCjpKvPB1l1tqLndtAQa,Top 50 - Global,chill
Until I Found You (with Em Beihold) - Em Beihold Version,Stephen Sanchez,1Y3LN4zO1Edc2EluIoSPJN,Top 50 - Global,chill
FLOWER,JISOO,69CrOS7vEHIrhC2ILyEi0s,Top 50 - Global,chill
Hey Mor,Ozuna,1zsPaEkglFvxjAhrM8yhpr,Top 50 - Global,party
Chemical,Post Malone,5TOgxgZrIZzvaKg9r2bvc2,Top 50 - Global,sad
Like Crazy,Jimin,3Ua0m0YmEjrMi9XErKcNiR,Top 50 - Global,party
I Ain't Worried,OneRepublic,4fYte8ZvTK14NEhAOZocBi,Top 50 - Global,party
La Bachata,Manuel Turizo,3tt9i3Hhzq84dPS8H7iSiJ,Top 50 - Global,party
Mockingbird,Eminem,561jH07mF1jHuk7KlaeF0s,Top 50 - Global,sad
Coco Chanel,Eladio Carrion,0PB0O24JqAuNdOAFVJljMS,Top 50 - Global,party
Escapism.,RAYE,5mHdCZtVyb4DcJw8799hZp,Top 50 - Global,chill
People,Libianca,26b3oVLrRUaaybJulow9kz,Top 50 - Global,chill
Moonlight,Kali Uchis,0JmnkIqdlnUzPaf8sqBRs3,Top 50 - Global,party
Rara Vez,Taiu,7MVIfkyzuUmQ716j8U7yGR,Top 50 - Global,party
Chanel,Becky G,5RcxRGvmYai7kpFSfxe5GY,Top 50 - Global,party
NARCISSISTIC PERSONALITY DISORDER,Odetari,23bkmqAXxuId9FaUJvrP29,Viral 50 - Global,party
Somebody's Pleasure,Aziz Hedra,3e1rs346dsDDwpqTRGlRZR,Viral 50 - Global,chill
Ella Baila Sola,Eslabon Armado,3dnP0JxCgygwQH9Gm7q7nb,Viral 50 - Global,party
Cupid - Twin Ver.,FIFTY FIFTY,7FbrGaHYVDmfr7KoLIZnQ7,Viral 50 - Global,chill
Bye,Aditya Bhardwaj,0GamKm5LCEwxFh8p2VWvnq,Viral 50 - Global,party
Capricorniana,Mc Lzyn,6l1U4fX41XmzZfi67q9i8X,Viral 50 - Global,sad
TABU.,Yung Yury,42Ztw2ZtZR3mtWjXpg0R5I,Viral 50 - Global,chill
La Bebe - Remix,Yng Lvcas,2UW7JaomAMuX9pZrjVpHAU,Viral 50 - Global,party
All Eyez On Me - Gangsta Remix,Dj Belite,6hfogGuqhfOcq11ZDjXluc,Viral 50 - Global,sad
FLOWER,JISOO,69CrOS7vEHIrhC2ILyEi0s,Viral 50 - Global,chill
Rodeo (Remix),Lah Pat,035MzEbx4z2DxuRDymHXbv,Viral 50 - Global,party
El Colesterol,Los Vendavales de Adan Melendez,2j8FWFwF1kvyGcdQwzMl3F,Viral 50 - Global,party
Giving Me,Jazzy,1ACFweuuvf6MHtptObgreR,Viral 50 - Global,chill
Pound Town (and Tay Keith),Sexyy Red,4KSRdah26ypIXVNZPHmzO3,Viral 50 - Global,sad
Melhor Só,KayBlack,2LTlykcdu0gwb7zcKneo2a,Viral 50 - Global,chill
Straight and Narrow,Sam Barber,40vKwNlXXKUmQMGceAoEpy,Viral 50 - Global,chill
Por Vc Eu Bebo O Mar De Canudinho,Jaldo Rodrigues,36FtXn63kzlJjwRx66Dyox,Viral 50 - Global,chill
Yes to Heaven,Noxys,5uNOFOhBkAzFSRUyaSzk2l,Viral 50 - Global,chill
labour,Paris Paloma,2Ggr9IfS70wYQacW8nZKPG,Viral 50 - Global,chill
Americana Na Vaquejada,Grandão Vaqueiro,1M6rclDhYmqRBMFGNJOFKB,Viral 50 - Global,party
UNDERSTAND,keshi,72sfmdpuO5r8cBDgs7MqZZ,Viral 50 - Global,chill
Gözlerimi Kapattım,Velet,4dGAUUU1IoXxxB0fCJYBGL,Viral 50 - Global,chill
plan,Alex Ponce,1udeZVMClO0LEIgwgnueOx,Viral 50 - Global,chill
KUM SAATİ,Can7,7dC9xFO2FYKmnRwJsa936V,Viral 50 - Global,party
I Know - PR1SVX Edit,Kanii,3vcLw8QA3yCOkrj9oLSZNs,Viral 50 - Global,chill
Diken Mi Gül Mü?,Sibel Can,0QQ1BLUudNdqOHg3FpFnYH,Viral 50 - Global,sad
Uhaw (Tayong Lahat),Dilaw,47OFMuRu5lzJHRbtEXPBbs,Viral 50 - Global,party
Push Up - Main Edit,Creeds,3AjSfp5FDvwtMU9XBsbS8j,Viral 50 - Global,chill
Classy 101,Feid,6XSqqQIy7Lm7SnwxS4NrGx,Viral 50 - Global,party
BAYBAY,BLOK3,232LbugfZaCUwq82xiELtd,Viral 50 - Global,party
Cupid,FIFTY FIFTY,5mg3VB3Qh7jcR5kAAC4DSV,Viral 50 - Global,party
Hold On Tight,aespa,1o844wI52S3TjXGBwvGcc7,Viral 50 - Global,party
Mrs. Hollywood,Go-Jo,1K1KcmJgKaeqnsisQnhyE1,Viral 50 - Global,party
Engelbewaarder,Marco Schuitmaker,2C2vSufLm1wLq2GjDH3iMh,Viral 50 - Global,party
W●RK,millennium parade,1L50ymp25Vmu7VnPRx5TWf,Viral 50 - Global,party
Todo Contigo,Álvaro De Luna,4rQu72zFJz3qne1bnEkVSt,Viral 50 - Global,party
Fast Car,Luke Combs,1Lo0QY9cvc8sUB2vnIOxDT,Viral 50 - Global,chill
Moonlight,Kali Uchis,0JmnkIqdlnUzPaf8sqBRs3,Viral 50 - Global,party
BESO,ROSALÍA,609E1JCInJncactoMmkDon,Viral 50 - Global,chill
Segredo,KayBlack,6hu4HvpNzrW2RIEEAZC3vD,Viral 50 - Global,chill
Like Crazy,Jimin,3Ua0m0YmEjrMi9XErKcNiR,Viral 50 - Global,party
3AM (PXT4 RASA),Sotam,11jGPID89nljt5OdP1hoxQ,Viral 50 - Global,chill
Mas Existe um Lugar - speed,Cryzin,21XQbePSeOSvfuLRaZbZ7a,Viral 50 - Global,sad
Hands up!,6arelyhuman,0Vqaw7CxyURWaRI9gNJthb,Viral 50 - Global,party
RITMADINHA DANÇANTE,DJ GUDOG,4sVrOA0sytAzv102tnQmr7,Viral 50 - Global,chill
SLUT ME OUT,NLE Choppa,0WoVfPjxsf9MTvPt9ptqeE,Viral 50 - Global,party
Cool About It,boygenius,5PJH1U5Iie893v48Fl9yaC,Viral 50 - Global,chill
Tak Segampang Itu,Anggi Marito,26cvTWJq2E1QqN4jyH2OTU,Viral 50 - Global,chill
NARCISSISTIC PERSONALITY DISORDER,Odetari,23bkmqAXxuId9FaUJvrP29,Viral 50 - United Kingdom,party
Be The One,Eli Brown,1cQld05IcUDw3RCFt7uymW,Viral 50 - United Kingdom,party
Cupid - Twin Ver.,FIFTY FIFTY,7FbrGaHYVDmfr7KoLIZnQ7,Viral 50 - United Kingdom,chill
Giving Me,Jazzy,1ACFweuuvf6MHtptObgreR,Viral 50 - United Kingdom,chill
Jam Inside Your Love (feat. Carla Monroe),Sam Green,1xFrwpp4li4MFpMr9KpTEK,Viral 50 - United Kingdom,chill
Straight and Narrow,Sam Barber,40vKwNlXXKUmQMGceAoEpy,Viral 50 - United Kingdom,chill
labour,Paris Paloma,2Ggr9IfS70wYQacW8nZKPG,Viral 50 - United Kingdom,chill
Rodeo (Remix),Lah Pat,035MzEbx4z2DxuRDymHXbv,Viral 50 - United Kingdom,party
Push Up - Main Edit,Creeds,3AjSfp5FDvwtMU9XBsbS8j,Viral 50 - United Kingdom,chill
REACT,Switch Disco,1UPHCP5YeVfele4DMbdGyi,Viral 50 - United Kingdom,party
Relax My Eyes,ANOTR,5u4hhtZ7f4rWkMZEZcTKrH,Viral 50 - United Kingdom,party
Past Lives,Farizki,5kZtNsNOOm3Dp5pClPUEhj,Viral 50 - United Kingdom,chill
Mrs. Hollywood,Go-Jo,1K1KcmJgKaeqnsisQnhyE1,Viral 50 - United Kingdom,party
Cupid,FIFTY FIFTY,5mg3VB3Qh7jcR5kAAC4DSV,Viral 50 - United Kingdom,party
FLOWER,JISOO,69CrOS7vEHIrhC2ILyEi0s,Viral 50 - United Kingdom,chill
Cool About It,boygenius,5PJH1U5Iie893v48Fl9yaC,Viral 50 - United Kingdom,chill
Last Night,Morgan Wallen,7K3BhSpAxZBznislvUMVtn,Viral 50 - United Kingdom,chill
Hold On Tight,aespa,1o844wI52S3TjXGBwvGcc7,Viral 50 - United Kingdom,party
Ella Baila Sola,Eslabon Armado,3dnP0JxCgygwQH9Gm7q7nb,Viral 50 - United Kingdom,party
Paradise,Kings Of The Rollers,6EsnKHa5lVI409LXu3PkR6,Viral 50 - United Kingdom,chill
Good Lies,Overmono,59GW6EKtdyaJ10t2yQdqrt,Viral 50 - United Kingdom,party
La Bebe - Remix,Yng Lvcas,2UW7JaomAMuX9pZrjVpHAU,Viral 50 - United Kingdom,party
I Know - PR1SVX Edit,Kanii,3vcLw8QA3yCOkrj9oLSZNs,Viral 50 - United Kingdom,chill
live more & love more,Cat Burns,1Oj4FgVngNgBTvd0a9nI2k,Viral 50 - United Kingdom,chill
Hands up!,6arelyhuman,0Vqaw7CxyURWaRI9gNJthb,Viral 50 - United Kingdom,party
UNAVAILABLE (feat. Musa Keys),Davido,2kaH2Z8ezDUKf6fNw250rZ,Viral 50 - United Kingdom,chill
Never Miss A Beat,KIMMIC,1VJLgFrfKrckuOb0DrvcQn,Viral 50 - United Kingdom,party
Fast Car,Luke Combs,1Lo0QY9cvc8sUB2vnIOxDT,Viral 50 - United Kingdom,chill
Make Me,Borai & Denham Audio,6RaaQvkGUe8Je8yAkdwQNm,Viral 50 - United Kingdom,party
Miracle (with Ellie Goulding),Calvin Harris,5eTaQYBE1yrActixMAeLcZ,Viral 50 - United Kingdom,chill
Not Strong Enough,boygenius,09DR0sHnQUhHOiSNttc1mv,Viral 50 - United Kingdom,sad
NASTY - Extended Version,Russ,08XHGvYxioT9gMP6TPuaLR,Viral 50 - United Kingdom,party
SLUT ME OUT,NLE Choppa,0WoVfPjxsf9MTvPt9ptqeE,Viral 50 - United Kingdom,party
BESO,ROSALÍA,609E1JCInJncactoMmkDon,Viral 50 - United Kingdom,chill
Maan Meri Jaan (Afterlife),King,0NapkeC45rszeuSgbvcjx4,Viral 50 - United Kingdom,party
Candle Flame,Jungle,0LdAEUc7gyEY6xIG9y3lLM,Viral 50 - United Kingdom,chill
Look At Us Now (Honeycomb),Daisy Jones & The Six,7bSlafYF33JHLoB9NtsL9V,Viral 50 - United Kingdom,sad
Like Crazy,Jimin,3Ua0m0YmEjrMi9XErKcNiR,Viral 50 - United Kingdom,party
Self-Portrait,Talia Mar,0vcCSUW0GskE8uN2xdj60f,Viral 50 - United Kingdom,party
Lost The Breakup,Maisie Peters,13SfKfixPEDQBOYYtaY3Wh,Viral 50 - United Kingdom,party
Area Codes,Kali,7sliFe6W30tPBPh6dvZsIH,Viral 50 - United Kingdom,party
Londis,Blanco,407EhBT7nve14f1AcH8s3o,Viral 50 - United Kingdom,chill
EVIL,Melanie Martinez,6UW10CbMTvqciT3X3Ldeox,Viral 50 - United Kingdom,chill
Dive,Olivia Dean,39X2xdmnX3UAWNmyhKdVtc,Viral 50 - United Kingdom,chill
Maria Maria,TECH IT DEEP,4wP6mzWZC94dYmU6OYeljf,Viral 50 - United Kingdom,party
Maria Maria (feat. The Product G&B),Santana,567UAkWoLBqZ709s3Qcbze,Viral 50 - United Kingdom,sad
